img,maxrow,maxcol,row,col,pos,score,x1,x2,y1,y2
/Volumes/Mark-Banfield/Josh_Williams/Scoring_5May/Adam/_DSC0139.tif,2,4,1,1,1,1,764,1038,744,1018
/Volumes/Mark-Banfield/Josh_Williams/Scoring_5May/Adam/_DSC0139.tif,2,4,1,1,2,0,700,982,968,1250
/Volumes/Mark-Banfield/Josh_Williams/Scoring_5May/Adam/_DSC0139.tif,2,4,1,1,3,0,656,914,1193,1451
/Volumes/Mark-Banfield/Josh_Williams/Scoring_5May/Adam/_DSC0139.tif,2,4,1,1,4,0,836,1094,1374,1632
/Volumes/Mark-Banfield/Josh_Williams/Scoring_5May/Adam/_DSC0139.tif,2,4,1,1,5,4,1116,1370,1381,1635
/Volumes/Mark-Banfield/Josh_Williams/Scoring_5May/Adam/_DSC0139.tif,2,4,1,1,6,0,1156,1428,1142,1414
/Volumes/Mark-Banfield/Josh_Williams/Scoring_5May/Adam/_DSC0139.tif,2,4,1,1,7,0,1147,1349,924,1126
/Volumes/Mark-Banfield/Josh_Williams/Scoring_5May/Adam/_DSC0139.tif,2,4,1,1,8,0,1015,1223,730,938
/Volumes/Mark-Banfield/Josh_Williams/Scoring_5May/Adam/_DSC0139.tif,2,4,1,2,1,1,1845,2039,640,834
/Volumes/Mark-Banfield/Josh_Williams/Scoring_5May/Adam/_DSC0139.tif,2,4,1,2,2,0,1682,1924,770,1012
/Volumes/Mark-Banfield/Josh_Williams/Scoring_5May/Adam/_DSC0139.tif,2,4,1,2,3,0,1614,1872,1008,1266
/Volumes/Mark-Banfield/Josh_Williams/Scoring_5May/Adam/_DSC0139.tif,2,4,1,2,4,0,1656,1894,1287,1525
/Volumes/Mark-Banfield/Josh_Williams/Scoring_5May/Adam/_DSC0139.tif,2,4,1,2,5,4,2041,2279,1280,1518
/Volumes/Mark-Banfield/Josh_Williams/Scoring_5May/Adam/_DSC0139.tif,2,4,1,2,6,0,2098,2366,1081,1349
/Volumes/Mark-Banfield/Josh_Williams/Scoring_5May/Adam/_DSC0139.tif,2,4,1,2,7,0,2192,2406,947,1161
/Volumes/Mark-Banfield/Josh_Williams/Scoring_5May/Adam/_DSC0139.tif,2,4,1,2,8,0,2093,2305,740,952
/Volumes/Mark-Banfield/Josh_Williams/Scoring_5May/Adam/_DSC0139.tif,2,4,1,3,1,0,3439,3667,590,818
/Volumes/Mark-Banfield/Josh_Williams/Scoring_5May/Adam/_DSC0139.tif,2,4,1,3,2,2,3302,3550,787,1035
/Volumes/Mark-Banfield/Josh_Williams/Scoring_5May/Adam/_DSC0139.tif,2,4,1,3,3,0,3320,3524,1002,1206
/Volumes/Mark-Banfield/Josh_Williams/Scoring_5May/Adam/_DSC0139.tif,2,4,1,3,4,0,3440,3672,1186,1418
/Volumes/Mark-Banfield/Josh_Williams/Scoring_5May/Adam/_DSC0139.tif,2,4,1,3,5,0,3714,3952,1180,1418
/Volumes/Mark-Banfield/Josh_Williams/Scoring_5May/Adam/_DSC0139.tif,2,4,1,3,6,4,3882,4072,1076,1266
/Volumes/Mark-Banfield/Josh_Williams/Scoring_5May/Adam/_DSC0139.tif,2,4,1,3,7,0,3818,4056,800,1038
/Volumes/Mark-Banfield/Josh_Williams/Scoring_5May/Adam/_DSC0139.tif,2,4,1,3,8,1,3694,3908,605,819
/Volumes/Mark-Banfield/Josh_Williams/Scoring_5May/Adam/_DSC0139.tif,2,4,1,4,1,0,4465,4693,640,868
/Volumes/Mark-Banfield/Josh_Williams/Scoring_5May/Adam/_DSC0139.tif,2,4,1,4,2,2,4374,4596,847,1069
/Volumes/Mark-Banfield/Josh_Williams/Scoring_5May/Adam/_DSC0139.tif,2,4,1,4,3,0,4298,4552,1021,1275
/Volumes/Mark-Banfield/Josh_Williams/Scoring_5May/Adam/_DSC0139.tif,2,4,1,4,4,0,4433,4661,1226,1454
/Volumes/Mark-Banfield/Josh_Williams/Scoring_5May/Adam/_DSC0139.tif,2,4,1,4,5,0,4716,5002,1266,1552
/Volumes/Mark-Banfield/Josh_Williams/Scoring_5May/Adam/_DSC0139.tif,2,4,1,4,6,5,4886,5060,1116,1290
/Volumes/Mark-Banfield/Josh_Williams/Scoring_5May/Adam/_DSC0139.tif,2,4,1,4,7,0,4794,5058,848,1112
/Volumes/Mark-Banfield/Josh_Williams/Scoring_5May/Adam/_DSC0139.tif,2,4,1,4,8,2,4690,4958,600,868
/Volumes/Mark-Banfield/Josh_Williams/Scoring_5May/Adam/_DSC0139.tif,2,4,2,1,1,0,905,1129,2048,2272
/Volumes/Mark-Banfield/Josh_Williams/Scoring_5May/Adam/_DSC0139.tif,2,4,2,1,2,0,780,988,2222,2430
/Volumes/Mark-Banfield/Josh_Williams/Scoring_5May/Adam/_DSC0139.tif,2,4,2,1,3,2,670,942,2440,2712
/Volumes/Mark-Banfield/Josh_Williams/Scoring_5May/Adam/_DSC0139.tif,2,4,2,1,4,0,704,1002,2700,2998
/Volumes/Mark-Banfield/Josh_Williams/Scoring_5May/Adam/_DSC0139.tif,2,4,2,1,5,0,1166,1408,2718,2960
/Volumes/Mark-Banfield/Josh_Williams/Scoring_5May/Adam/_DSC0139.tif,2,4,2,1,6,0,1220,1448,2515,2743
/Volumes/Mark-Banfield/Josh_Williams/Scoring_5May/Adam/_DSC0139.tif,2,4,2,1,7,6,1203,1407,2296,2500
/Volumes/Mark-Banfield/Josh_Williams/Scoring_5May/Adam/_DSC0139.tif,2,4,2,1,8,0,1075,1327,2074,2326
/Volumes/Mark-Banfield/Josh_Williams/Scoring_5May/Adam/_DSC0139.tif,2,4,2,2,1,1,1873,2105,1940,2172
/Volumes/Mark-Banfield/Josh_Williams/Scoring_5May/Adam/_DSC0139.tif,2,4,2,2,2,0,1732,1950,2125,2343
/Volumes/Mark-Banfield/Josh_Williams/Scoring_5May/Adam/_DSC0139.tif,2,4,2,2,3,1,1662,1910,2335,2583
/Volumes/Mark-Banfield/Josh_Williams/Scoring_5May/Adam/_DSC0139.tif,2,4,2,2,4,0,1738,2016,2574,2852
/Volumes/Mark-Banfield/Josh_Williams/Scoring_5May/Adam/_DSC0139.tif,2,4,2,2,5,0,2039,2301,2614,2876
/Volumes/Mark-Banfield/Josh_Williams/Scoring_5May/Adam/_DSC0139.tif,2,4,2,2,6,0,2198,2454,2419,2675
/Volumes/Mark-Banfield/Josh_Williams/Scoring_5May/Adam/_DSC0139.tif,2,4,2,2,7,6,2179,2409,2206,2436
/Volumes/Mark-Banfield/Josh_Williams/Scoring_5May/Adam/_DSC0139.tif,2,4,2,2,8,0,2087,2267,2008,2188
/Volumes/Mark-Banfield/Josh_Williams/Scoring_5May/Adam/_DSC0139.tif,2,4,2,3,1,0,3278,3472,1999,2193
/Volumes/Mark-Banfield/Josh_Williams/Scoring_5May/Adam/_DSC0139.tif,2,4,2,3,2,1,3208,3442,2189,2423
/Volumes/Mark-Banfield/Josh_Williams/Scoring_5May/Adam/_DSC0139.tif,2,4,2,3,3,0,3148,3392,2392,2636
/Volumes/Mark-Banfield/Josh_Williams/Scoring_5May/Adam/_DSC0139.tif,2,4,2,3,4,1,3234,3480,2640,2886
/Volumes/Mark-Banfield/Josh_Williams/Scoring_5May/Adam/_DSC0139.tif,2,4,2,3,5,0,3694,3952,2584,2842
/Volumes/Mark-Banfield/Josh_Williams/Scoring_5May/Adam/_DSC0139.tif,2,4,2,3,6,1,3753,3977,2340,2564
/Volumes/Mark-Banfield/Josh_Williams/Scoring_5May/Adam/_DSC0139.tif,2,4,2,3,7,0,3610,3862,2106,2358
/Volumes/Mark-Banfield/Josh_Williams/Scoring_5May/Adam/_DSC0139.tif,2,4,2,3,8,6,3506,3734,1942,2170
/Volumes/Mark-Banfield/Josh_Williams/Scoring_5May/Adam/_DSC0139.tif,2,4,2,4,1,0,4422,4606,1934,2118
/Volumes/Mark-Banfield/Josh_Williams/Scoring_5May/Adam/_DSC0139.tif,2,4,2,4,2,2,4374,4566,2096,2288
/Volumes/Mark-Banfield/Josh_Williams/Scoring_5May/Adam/_DSC0139.tif,2,4,2,4,3,1,4294,4526,2249,2481
/Volumes/Mark-Banfield/Josh_Williams/Scoring_5May/Adam/_DSC0139.tif,2,4,2,4,4,0,4255,4523,2474,2742
/Volumes/Mark-Banfield/Josh_Williams/Scoring_5May/Adam/_DSC0139.tif,2,4,2,4,5,0,4663,4863,2558,2758
/Volumes/Mark-Banfield/Josh_Williams/Scoring_5May/Adam/_DSC0139.tif,2,4,2,4,6,1,4775,4993,2360,2578
/Volumes/Mark-Banfield/Josh_Williams/Scoring_5May/Adam/_DSC0139.tif,2,4,2,4,7,0,4715,4933,2142,2360
/Volumes/Mark-Banfield/Josh_Williams/Scoring_5May/Adam/_DSC0139.tif,2,4,2,4,8,5,4614,4812,1970,2168
/Volumes/Mark-Banfield/Josh_Williams/Scoring_5May/Adam/_DSC0138.tif,2,4,1,1,1,6,742,960,800,1018
/Volumes/Mark-Banfield/Josh_Williams/Scoring_5May/Adam/_DSC0138.tif,2,4,1,1,2,0,630,844,982,1196
/Volumes/Mark-Banfield/Josh_Williams/Scoring_5May/Adam/_DSC0138.tif,2,4,1,1,3,0,542,800,1188,1446
/Volumes/Mark-Banfield/Josh_Williams/Scoring_5May/Adam/_DSC0138.tif,2,4,1,1,4,0,576,854,1438,1716
/Volumes/Mark-Banfield/Josh_Williams/Scoring_5May/Adam/_DSC0138.tif,2,4,1,1,5,0,1096,1384,1416,1704
/Volumes/Mark-Banfield/Josh_Williams/Scoring_5May/Adam/_DSC0138.tif,2,4,1,1,6,0,1116,1398,1134,1416
/Volumes/Mark-Banfield/Josh_Williams/Scoring_5May/Adam/_DSC0138.tif,2,4,1,1,7,0,1052,1334,884,1166
/Volumes/Mark-Banfield/Josh_Williams/Scoring_5May/Adam/_DSC0138.tif,2,4,1,1,8,0,952,1146,742,936
/Volumes/Mark-Banfield/Josh_Williams/Scoring_5May/Adam/_DSC0138.tif,2,4,1,2,1,6,1929,2107,810,988
/Volumes/Mark-Banfield/Josh_Williams/Scoring_5May/Adam/_DSC0138.tif,2,4,1,2,2,0,1820,1988,965,1133
/Volumes/Mark-Banfield/Josh_Williams/Scoring_5May/Adam/_DSC0138.tif,2,4,1,2,3,0,1667,1895,1116,1344
/Volumes/Mark-Banfield/Josh_Williams/Scoring_5May/Adam/_DSC0138.tif,2,4,1,2,4,0,1618,1924,1377,1683
/Volumes/Mark-Banfield/Josh_Williams/Scoring_5May/Adam/_DSC0138.tif,2,4,1,2,5,0,2232,2524,1459,1751
/Volumes/Mark-Banfield/Josh_Williams/Scoring_5May/Adam/_DSC0138.tif,2,4,1,2,6,0,2286,2540,1245,1499
/Volumes/Mark-Banfield/Josh_Williams/Scoring_5May/Adam/_DSC0138.tif,2,4,1,2,7,0,2202,2436,1024,1258
/Volumes/Mark-Banfield/Josh_Williams/Scoring_5May/Adam/_DSC0138.tif,2,4,1,2,8,0,2115,2309,844,1038
/Volumes/Mark-Banfield/Josh_Williams/Scoring_5May/Adam/_DSC0138.tif,2,4,1,3,1,0,3248,3446,810,1008
/Volumes/Mark-Banfield/Josh_Williams/Scoring_5May/Adam/_DSC0138.tif,2,4,1,3,2,5,3144,3342,988,1186
/Volumes/Mark-Banfield/Josh_Williams/Scoring_5May/Adam/_DSC0138.tif,2,4,1,3,3,0,3032,3260,1176,1404
/Volumes/Mark-Banfield/Josh_Williams/Scoring_5May/Adam/_DSC0138.tif,2,4,1,3,4,0,3006,3288,1416,1698
/Volumes/Mark-Banfield/Josh_Williams/Scoring_5May/Adam/_DSC0138.tif,2,4,1,3,5,0,3462,3728,1503,1769
/Volumes/Mark-Banfield/Josh_Williams/Scoring_5May/Adam/_DSC0138.tif,2,4,1,3,6,1,3520,3738,1266,1484
/Volumes/Mark-Banfield/Josh_Williams/Scoring_5May/Adam/_DSC0138.tif,2,4,1,3,7,0,3480,3710,1009,1239
/Volumes/Mark-Banfield/Josh_Williams/Scoring_5May/Adam/_DSC0138.tif,2,4,1,3,8,0,3479,3677,854,1052
/Volumes/Mark-Banfield/Josh_Williams/Scoring_5May/Adam/_DSC0138.tif,2,4,1,4,1,0,4115,4339,828,1052
/Volumes/Mark-Banfield/Josh_Williams/Scoring_5May/Adam/_DSC0138.tif,2,4,1,4,2,3,4066,4280,1076,1290
/Volumes/Mark-Banfield/Josh_Williams/Scoring_5May/Adam/_DSC0138.tif,2,4,1,4,3,0,3986,4220,1299,1533
/Volumes/Mark-Banfield/Josh_Williams/Scoring_5May/Adam/_DSC0138.tif,2,4,1,4,4,0,4066,4318,1516,1768
/Volumes/Mark-Banfield/Josh_Williams/Scoring_5May/Adam/_DSC0138.tif,2,4,1,4,5,0,4512,4810,1480,1778
/Volumes/Mark-Banfield/Josh_Williams/Scoring_5May/Adam/_DSC0138.tif,2,4,1,4,6,0,4592,4850,1233,1491
/Volumes/Mark-Banfield/Josh_Williams/Scoring_5May/Adam/_DSC0138.tif,2,4,1,4,7,0,4606,4860,972,1226
/Volumes/Mark-Banfield/Josh_Williams/Scoring_5May/Adam/_DSC0138.tif,2,4,1,4,8,0,4420,4648,790,1018
/Volumes/Mark-Banfield/Josh_Williams/Scoring_5May/Adam/_DSC0138.tif,2,4,2,1,1,0,675,927,2044,2296
/Volumes/Mark-Banfield/Josh_Williams/Scoring_5May/Adam/_DSC0138.tif,2,4,2,1,2,0,516,794,2252,2530
/Volumes/Mark-Banfield/Josh_Williams/Scoring_5May/Adam/_DSC0138.tif,2,4,2,1,3,4,502,750,2515,2763
/Volumes/Mark-Banfield/Josh_Williams/Scoring_5May/Adam/_DSC0138.tif,2,4,2,1,4,0,576,888,2722,3034
/Volumes/Mark-Banfield/Josh_Williams/Scoring_5May/Adam/_DSC0138.tif,2,4,2,1,5,0,1025,1293,2832,3100
/Volumes/Mark-Banfield/Josh_Williams/Scoring_5May/Adam/_DSC0138.tif,2,4,2,1,6,0,1106,1344,2591,2829
/Volumes/Mark-Banfield/Josh_Williams/Scoring_5May/Adam/_DSC0138.tif,2,4,2,1,7,2,968,1246,2340,2618
/Volumes/Mark-Banfield/Josh_Williams/Scoring_5May/Adam/_DSC0138.tif,2,4,2,1,8,0,938,1146,2148,2356
/Volumes/Mark-Banfield/Josh_Williams/Scoring_5May/Adam/_DSC0138.tif,2,4,2,2,1,0,1867,2071,2088,2292
/Volumes/Mark-Banfield/Josh_Williams/Scoring_5May/Adam/_DSC0138.tif,2,4,2,2,2,0,1732,1970,2289,2527
/Volumes/Mark-Banfield/Josh_Williams/Scoring_5May/Adam/_DSC0138.tif,2,4,2,2,3,5,1696,1910,2529,2743
/Volumes/Mark-Banfield/Josh_Williams/Scoring_5May/Adam/_DSC0138.tif,2,4,2,2,4,1,1746,2004,2732,2990
/Volumes/Mark-Banfield/Josh_Williams/Scoring_5May/Adam/_DSC0138.tif,2,4,2,2,5,1,2132,2366,2803,3037
/Volumes/Mark-Banfield/Josh_Williams/Scoring_5May/Adam/_DSC0138.tif,2,4,2,2,6,0,2232,2530,2551,2849
/Volumes/Mark-Banfield/Josh_Williams/Scoring_5May/Adam/_DSC0138.tif,2,4,2,2,7,1,2248,2472,2340,2564
/Volumes/Mark-Banfield/Josh_Williams/Scoring_5May/Adam/_DSC0138.tif,2,4,2,2,8,0,2116,2318,2148,2350
/Volumes/Mark-Banfield/Josh_Williams/Scoring_5May/Adam/_DSC0138.tif,2,4,2,3,1,0,3080,3258,2162,2340
/Volumes/Mark-Banfield/Josh_Williams/Scoring_5May/Adam/_DSC0138.tif,2,4,2,3,2,0,3000,3218,2339,2557
/Volumes/Mark-Banfield/Josh_Williams/Scoring_5May/Adam/_DSC0138.tif,2,4,2,3,3,0,2926,3164,2514,2752
/Volumes/Mark-Banfield/Josh_Williams/Scoring_5May/Adam/_DSC0138.tif,2,4,2,3,4,6,3000,3228,2718,2946
/Volumes/Mark-Banfield/Josh_Williams/Scoring_5May/Adam/_DSC0138.tif,2,4,2,3,5,0,3416,3654,2811,3049
/Volumes/Mark-Banfield/Josh_Williams/Scoring_5May/Adam/_DSC0138.tif,2,4,2,3,6,1,3496,3690,2625,2819
/Volumes/Mark-Banfield/Josh_Williams/Scoring_5May/Adam/_DSC0138.tif,2,4,2,3,7,0,3520,3724,2373,2577
/Volumes/Mark-Banfield/Josh_Williams/Scoring_5May/Adam/_DSC0138.tif,2,4,2,3,8,2,3305,3527,2188,2410
/Volumes/Mark-Banfield/Josh_Williams/Scoring_5May/Adam/_DSC0138.tif,2,4,2,4,1,0,4134,4336,2054,2256
/Volumes/Mark-Banfield/Josh_Williams/Scoring_5May/Adam/_DSC0138.tif,2,4,2,4,2,0,4006,4264,2252,2510
/Volumes/Mark-Banfield/Josh_Williams/Scoring_5May/Adam/_DSC0138.tif,2,4,2,4,3,0,3992,4230,2532,2770
/Volumes/Mark-Banfield/Josh_Williams/Scoring_5May/Adam/_DSC0138.tif,2,4,2,4,4,4,4039,4277,2802,3040
/Volumes/Mark-Banfield/Josh_Williams/Scoring_5May/Adam/_DSC0138.tif,2,4,2,4,5,0,4388,4646,2767,3025
/Volumes/Mark-Banfield/Josh_Williams/Scoring_5May/Adam/_DSC0138.tif,2,4,2,4,6,1,4552,4784,2540,2772
/Volumes/Mark-Banfield/Josh_Williams/Scoring_5May/Adam/_DSC0138.tif,2,4,2,4,7,0,4482,4706,2296,2520
/Volumes/Mark-Banfield/Josh_Williams/Scoring_5May/Adam/_DSC0138.tif,2,4,2,4,8,2,4354,4542,2118,2306
/Volumes/Mark-Banfield/Josh_Williams/Scoring_5May/Adam/_DSC1332.TIF,3,3,1,2,1,6,1384,1712,432,760
/Volumes/Mark-Banfield/Josh_Williams/Scoring_5May/Adam/_DSC1332.TIF,3,3,1,2,2,6,1376,1682,737,1043
/Volumes/Mark-Banfield/Josh_Williams/Scoring_5May/Adam/_DSC1332.TIF,3,3,1,2,3,6,1403,1729,1028,1354
/Volumes/Mark-Banfield/Josh_Williams/Scoring_5May/Adam/_DSC1332.TIF,3,3,1,2,5,6,1860,2298,641,1079
/Volumes/Mark-Banfield/Josh_Williams/Scoring_5May/Adam/_DSC1332.TIF,3,3,2,1,1,6,667,979,1748,2060
/Volumes/Mark-Banfield/Josh_Williams/Scoring_5May/Adam/_DSC1332.TIF,3,3,2,1,2,5,656,1034,2028,2406
/Volumes/Mark-Banfield/Josh_Williams/Scoring_5May/Adam/_DSC1332.TIF,3,3,2,1,3,6,670,1028,2399,2757
/Volumes/Mark-Banfield/Josh_Williams/Scoring_5May/Adam/_DSC1332.TIF,3,3,2,1,6,6,924,1206,1618,1900
/Volumes/Mark-Banfield/Josh_Williams/Scoring_5May/Adam/_DSC1332.TIF,3,3,2,3,1,5,2180,2522,1874,2216
/Volumes/Mark-Banfield/Josh_Williams/Scoring_5May/Adam/_DSC1332.TIF,3,3,2,3,2,6,2106,2514,2180,2588
/Volumes/Mark-Banfield/Josh_Williams/Scoring_5May/Adam/_DSC1332.TIF,3,3,2,3,3,5,2194,2574,2544,2924
/Volumes/Mark-Banfield/Josh_Williams/Scoring_5May/Adam/_DSC1332.TIF,3,3,2,3,5,6,2848,3176,2053,2381
/Volumes/Mark-Banfield/Josh_Williams/Scoring_5May/Adam/_DSC1332.TIF,3,3,3,1,1,6,882,1232,3340,3690
/Volumes/Mark-Banfield/Josh_Williams/Scoring_5May/Adam/_DSC1332.TIF,3,3,3,1,4,1,1392,1852,4002,4462
/Volumes/Mark-Banfield/Josh_Williams/Scoring_5May/Adam/_DSC1332.TIF,3,3,3,1,5,3,1376,1868,3506,3998
/Volumes/Mark-Banfield/Josh_Williams/Scoring_5May/Adam/_DSC1332.TIF,3,3,3,1,6,5,1228,1556,3253,3581
/Volumes/Mark-Banfield/Josh_Williams/Scoring_5May/Adam/_DSC1332.TIF,3,3,3,3,1,6,2232,2574,3459,3801
/Volumes/Mark-Banfield/Josh_Williams/Scoring_5May/Adam/_DSC1332.TIF,3,3,3,3,2,4,2101,2473,3756,4128
/Volumes/Mark-Banfield/Josh_Williams/Scoring_5May/Adam/_DSC1332.TIF,3,3,3,3,3,4,2128,2506,4113,4491
/Volumes/Mark-Banfield/Josh_Williams/Scoring_5May/Adam/_DSC1332.TIF,3,3,3,3,6,6,2610,2916,3424,3730
/Volumes/Mark-Banfield/Josh_Williams/Scoring_5May/Adam/DSC_9240.TIF,3,3,1,1,3,6,460,746,892,1178
/Volumes/Mark-Banfield/Josh_Williams/Scoring_5May/Adam/DSC_9240.TIF,3,3,1,1,4,6,986,1294,857,1165
/Volumes/Mark-Banfield/Josh_Williams/Scoring_5May/Adam/DSC_9240.TIF,3,3,1,1,5,5,1008,1328,531,851
/Volumes/Mark-Banfield/Josh_Williams/Scoring_5May/Adam/DSC_9240.TIF,3,3,1,1,6,4,916,1210,178,472
/Volumes/Mark-Banfield/Josh_Williams/Scoring_5May/Adam/DSC_9240.TIF,3,3,1,3,1,4,3470,3808,149,487
/Volumes/Mark-Banfield/Josh_Williams/Scoring_5May/Adam/DSC_9240.TIF,3,3,1,3,2,4,3330,3662,433,765
/Volumes/Mark-Banfield/Josh_Williams/Scoring_5May/Adam/DSC_9240.TIF,3,3,1,3,3,4,3316,3654,749,1087
/Volumes/Mark-Banfield/Josh_Williams/Scoring_5May/Adam/DSC_9240.TIF,3,3,1,3,6,4,3900,4198,152,450
/Volumes/Mark-Banfield/Josh_Williams/Scoring_5May/Adam/DSC_9240.TIF,3,3,2,2,1,1,2108,2446,875,1213
/Volumes/Mark-Banfield/Josh_Williams/Scoring_5May/Adam/DSC_9240.TIF,3,3,2,2,3,3,2069,2315,1582,1828
/Volumes/Mark-Banfield/Josh_Williams/Scoring_5May/Adam/DSC_9240.TIF,3,3,2,2,4,3,2700,2984,1535,1819
/Volumes/Mark-Banfield/Josh_Williams/Scoring_5May/Adam/DSC_9240.TIF,3,3,3,1,2,3,728,1082,1839,2193
/Volumes/Mark-Banfield/Josh_Williams/Scoring_5May/Adam/DSC_9240.TIF,3,3,3,1,4,1,1394,1726,2135,2467
/Volumes/Mark-Banfield/Josh_Williams/Scoring_5May/Adam/DSC_9240.TIF,3,3,3,1,5,3,1446,1788,1792,2134
/Volumes/Mark-Banfield/Josh_Williams/Scoring_5May/Adam/DSC_9240.TIF,3,3,3,1,6,2,1342,1662,1523,1843
/Volumes/Mark-Banfield/Josh_Williams/Scoring_5May/Adam/DSC_9240.TIF,3,3,3,3,1,2,3179,3525,1586,1932
/Volumes/Mark-Banfield/Josh_Williams/Scoring_5May/Adam/DSC_9240.TIF,3,3,3,3,2,3,3050,3400,2038,2388
/Volumes/Mark-Banfield/Josh_Williams/Scoring_5May/Adam/DSC_9240.TIF,3,3,3,3,3,4,3027,3351,2370,2694
/Volumes/Mark-Banfield/Josh_Williams/Scoring_5May/Adam/DSC_9240.TIF,3,3,3,3,4,3,3735,4029,2414,2708
/Volumes/Mark-Banfield/Josh_Williams/Scoring_5May/Adam/DSC_9241.TIF,3,3,1,1,2,4,408,724,456,772
/Volumes/Mark-Banfield/Josh_Williams/Scoring_5May/Adam/DSC_9241.TIF,3,3,1,1,4,3,1004,1372,761,1129
/Volumes/Mark-Banfield/Josh_Williams/Scoring_5May/Adam/DSC_9241.TIF,3,3,1,1,5,4,1056,1376,417,737
/Volumes/Mark-Banfield/Josh_Williams/Scoring_5May/Adam/DSC_9241.TIF,3,3,1,1,6,4,916,1224,158,466
/Volumes/Mark-Banfield/Josh_Williams/Scoring_5May/Adam/DSC_9241.TIF,3,3,1,3,1,1,3562,3938,203,579
/Volumes/Mark-Banfield/Josh_Williams/Scoring_5May/Adam/DSC_9241.TIF,3,3,1,3,2,2,3468,3814,558,904
/Volumes/Mark-Banfield/Josh_Williams/Scoring_5May/Adam/DSC_9241.TIF,3,3,1,3,3,1,3436,3782,950,1296
/Volumes/Mark-Banfield/Josh_Williams/Scoring_5May/Adam/DSC_9241.TIF,3,3,1,3,5,3,4100,4430,552,882
/Volumes/Mark-Banfield/Josh_Williams/Scoring_5May/Adam/DSC_9241.TIF,3,3,2,2,3,3,1792,2156,1374,1738
/Volumes/Mark-Banfield/Josh_Williams/Scoring_5May/Adam/DSC_9241.TIF,3,3,2,2,5,4,2397,2699,996,1298
/Volumes/Mark-Banfield/Josh_Williams/Scoring_5May/Adam/DSC_9241.TIF,3,3,2,2,6,5,2270,2582,642,954
/Volumes/Mark-Banfield/Josh_Williams/Scoring_5May/Adam/DSC_9241.TIF,3,3,3,1,1,4,1077,1387,1570,1880
/Volumes/Mark-Banfield/Josh_Williams/Scoring_5May/Adam/DSC_9241.TIF,3,3,3,1,2,3,837,1109,1766,2038
/Volumes/Mark-Banfield/Josh_Williams/Scoring_5May/Adam/DSC_9241.TIF,3,3,3,1,3,4,796,1138,2064,2406
/Volumes/Mark-Banfield/Josh_Williams/Scoring_5May/Adam/DSC_9241.TIF,3,3,3,1,5,6,1442,1744,1951,2253
/Volumes/Mark-Banfield/Josh_Williams/Scoring_5May/Adam/DSC_9241.TIF,3,3,3,3,1,4,3054,3356,1668,1970
/Volumes/Mark-Banfield/Josh_Williams/Scoring_5May/Adam/DSC_9241.TIF,3,3,3,3,2,4,2900,3256,1978,2334
/Volumes/Mark-Banfield/Josh_Williams/Scoring_5May/Adam/DSC_9241.TIF,3,3,3,3,3,4,3006,3308,2283,2585
/Volumes/Mark-Banfield/Josh_Williams/Scoring_5May/Adam/DSC_9241.TIF,3,3,3,3,4,5,3567,3855,2332,2620
/Volumes/Mark-Banfield/Josh_Williams/Scoring_5May/Adam/DSC_0215.TIF,3,3,1,1,1,3,468,698,1176,1406
/Volumes/Mark-Banfield/Josh_Williams/Scoring_5May/Adam/DSC_0215.TIF,3,3,1,1,2,4,382,620,1438,1676
/Volumes/Mark-Banfield/Josh_Williams/Scoring_5May/Adam/DSC_0215.TIF,3,3,1,1,3,5,462,744,1739,2021
/Volumes/Mark-Banfield/Josh_Williams/Scoring_5May/Adam/DSC_0215.TIF,3,3,1,1,4,4,902,1166,1626,1890
/Volumes/Mark-Banfield/Josh_Williams/Scoring_5May/Adam/DSC_0215.TIF,3,3,1,3,2,4,2238,2522,1116,1400
/Volumes/Mark-Banfield/Josh_Williams/Scoring_5May/Adam/DSC_0215.TIF,3,3,1,3,4,3,2700,2970,1442,1712
/Volumes/Mark-Banfield/Josh_Williams/Scoring_5May/Adam/DSC_0215.TIF,3,3,1,3,5,5,2692,2976,1110,1394
/Volumes/Mark-Banfield/Josh_Williams/Scoring_5May/Adam/DSC_0215.TIF,3,3,1,3,6,4,2608,2850,881,1123
/Volumes/Mark-Banfield/Josh_Williams/Scoring_5May/Adam/DSC_0215.TIF,3,3,2,2,1,1,1498,1696,2304,2502
/Volumes/Mark-Banfield/Josh_Williams/Scoring_5May/Adam/DSC_0215.TIF,3,3,2,2,2,5,1350,1606,2531,2787
/Volumes/Mark-Banfield/Josh_Williams/Scoring_5May/Adam/DSC_0215.TIF,3,3,2,2,3,3,1373,1637,2830,3094
/Volumes/Mark-Banfield/Josh_Williams/Scoring_5May/Adam/DSC_0215.TIF,3,3,2,2,5,3,1982,2252,2492,2762
/Volumes/Mark-Banfield/Josh_Williams/Scoring_5May/Adam/DSC_0215.TIF,3,3,3,1,1,5,646,870,3304,3528
/Volumes/Mark-Banfield/Josh_Williams/Scoring_5May/Adam/DSC_0215.TIF,3,3,3,1,2,6,560,798,3535,3773
/Volumes/Mark-Banfield/Josh_Williams/Scoring_5May/Adam/DSC_0215.TIF,3,3,3,1,3,5,478,748,3786,4056
/Volumes/Mark-Banfield/Josh_Williams/Scoring_5May/Adam/DSC_0215.TIF,3,3,3,1,5,4,933,1229,3508,3804
/Volumes/Mark-Banfield/Josh_Williams/Scoring_5May/Adam/DSC_0215.TIF,3,3,3,1,6,2,889,1139,3226,3476
/Volumes/Mark-Banfield/Josh_Williams/Scoring_5May/Adam/DSC_0215.TIF,3,3,3,3,3,3,1999,2255,3878,4134
/Volumes/Mark-Banfield/Josh_Williams/Scoring_5May/Adam/DSC_0215.TIF,3,3,3,3,4,5,2580,2864,3962,4246
/Volumes/Mark-Banfield/Josh_Williams/Scoring_5May/Adam/DSC_0215.TIF,3,3,3,3,5,5,2614,2858,3634,3878
/Volumes/Mark-Banfield/Josh_Williams/Scoring_5May/Adam/DSC_0215.TIF,3,3,3,3,6,5,2594,2876,3358,3640
/Volumes/Mark-Banfield/Josh_Williams/Scoring_5May/Adam/DSC_0218.TIF,3,3,1,1,1,0,527,811,678,962
/Volumes/Mark-Banfield/Josh_Williams/Scoring_5May/Adam/DSC_0218.TIF,3,3,1,1,4,3,982,1278,1370,1666
/Volumes/Mark-Banfield/Josh_Williams/Scoring_5May/Adam/DSC_0218.TIF,3,3,1,1,5,4,850,1258,909,1317
/Volumes/Mark-Banfield/Josh_Williams/Scoring_5May/Adam/DSC_0218.TIF,3,3,1,1,6,4,824,1074,692,942
/Volumes/Mark-Banfield/Josh_Williams/Scoring_5May/Adam/DSC_0218.TIF,3,3,1,3,1,3,2212,2528,880,1196
/Volumes/Mark-Banfield/Josh_Williams/Scoring_5May/Adam/DSC_0218.TIF,3,3,1,3,2,4,2215,2505,1238,1528
/Volumes/Mark-Banfield/Josh_Williams/Scoring_5May/Adam/DSC_0218.TIF,3,3,1,3,3,4,2232,2562,1544,1874
/Volumes/Mark-Banfield/Josh_Williams/Scoring_5May/Adam/DSC_0218.TIF,3,3,1,3,6,0,2541,2863,778,1100
/Volumes/Mark-Banfield/Josh_Williams/Scoring_5May/Adam/DSC_0218.TIF,3,3,2,2,1,4,1594,1916,1930,2252
/Volumes/Mark-Banfield/Josh_Williams/Scoring_5May/Adam/DSC_0218.TIF,3,3,2,2,2,4,1386,1708,2258,2580
/Volumes/Mark-Banfield/Josh_Williams/Scoring_5May/Adam/DSC_0218.TIF,3,3,2,2,3,4,1347,1689,2554,2896
/Volumes/Mark-Banfield/Josh_Williams/Scoring_5May/Adam/DSC_0218.TIF,3,3,2,2,5,0,2106,2468,2291,2653
/Volumes/Mark-Banfield/Josh_Williams/Scoring_5May/Adam/DSC_0218.TIF,3,3,3,1,1,0,732,988,3312,3568
/Volumes/Mark-Banfield/Josh_Williams/Scoring_5May/Adam/DSC_0218.TIF,3,3,3,1,4,3,1071,1373,3884,4186
/Volumes/Mark-Banfield/Josh_Williams/Scoring_5May/Adam/DSC_0218.TIF,3,3,3,1,5,4,1100,1336,3582,3818
/Volumes/Mark-Banfield/Josh_Williams/Scoring_5May/Adam/DSC_0218.TIF,3,3,3,1,6,5,962,1232,3321,3591
/Volumes/Mark-Banfield/Josh_Williams/Scoring_5May/Adam/DSC_0218.TIF,3,3,3,3,1,5,2384,2660,3424,3700
/Volumes/Mark-Banfield/Josh_Williams/Scoring_5May/Adam/DSC_0218.TIF,3,3,3,3,2,6,2272,2554,3664,3946
/Volumes/Mark-Banfield/Josh_Williams/Scoring_5May/Adam/DSC_0218.TIF,3,3,3,3,3,4,2208,2472,3936,4200
/Volumes/Mark-Banfield/Josh_Williams/Scoring_5May/Adam/DSC_0218.TIF,3,3,3,3,4,0,2732,2996,4009,4273
/Volumes/Mark-Banfield/Josh_Williams/Scoring_5May/Adam/DSC_3611.tif,3,3,1,2,4,4,1699,2029,1376,1706
/Volumes/Mark-Banfield/Josh_Williams/Scoring_5May/Adam/DSC_3611.tif,3,3,1,2,5,5,1777,2067,1074,1364
/Volumes/Mark-Banfield/Josh_Williams/Scoring_5May/Adam/DSC_3611.tif,3,3,1,2,6,5,1614,1930,787,1103
/Volumes/Mark-Banfield/Josh_Williams/Scoring_5May/Adam/DSC_3611.tif,3,3,2,1,4,3,1206,1548,2452,2794
/Volumes/Mark-Banfield/Josh_Williams/Scoring_5May/Adam/DSC_3611.tif,3,3,2,1,5,4,1126,1482,2123,2479
/Volumes/Mark-Banfield/Josh_Williams/Scoring_5May/Adam/DSC_3611.tif,3,3,2,1,6,4,988,1290,1884,2186
/Volumes/Mark-Banfield/Josh_Williams/Scoring_5May/Adam/DSC_3611.tif,3,3,2,3,1,4,2008,2298,1847,2137
/Volumes/Mark-Banfield/Josh_Williams/Scoring_5May/Adam/DSC_3611.tif,3,3,2,3,2,3,1795,2129,2134,2468
/Volumes/Mark-Banfield/Josh_Williams/Scoring_5May/Adam/DSC_3611.tif,3,3,2,3,3,3,1903,2271,2450,2818
/Volumes/Mark-Banfield/Josh_Williams/Scoring_5May/Adam/DSC_3611.tif,3,3,3,1,4,4,1192,1588,3798,4194
/Volumes/Mark-Banfield/Josh_Williams/Scoring_5May/Adam/DSC_3611.tif,3,3,3,1,5,4,1192,1540,3460,3808
/Volumes/Mark-Banfield/Josh_Williams/Scoring_5May/Adam/DSC_3611.tif,3,3,3,1,6,4,1080,1422,3117,3459
/Volumes/Mark-Banfield/Josh_Williams/Scoring_5May/Adam/DSC_3611.tif,3,3,3,3,1,4,2068,2344,3094,3370
/Volumes/Mark-Banfield/Josh_Williams/Scoring_5May/Adam/DSC_3611.tif,3,3,3,3,2,4,1929,2225,3338,3634
/Volumes/Mark-Banfield/Josh_Williams/Scoring_5May/Adam/DSC_3611.tif,3,3,3,3,3,3,1909,2239,3666,3996
/Volumes/Mark-Banfield/Josh_Williams/Scoring_5May/Adam/_DSC0768.tif,3,3,1,2,1,5,1392,1696,648,952
/Volumes/Mark-Banfield/Josh_Williams/Scoring_5May/Adam/_DSC0768.tif,3,3,1,2,2,5,1266,1614,898,1246
/Volumes/Mark-Banfield/Josh_Williams/Scoring_5May/Adam/_DSC0768.tif,3,3,1,2,3,3,1236,1518,1188,1470
/Volumes/Mark-Banfield/Josh_Williams/Scoring_5May/Adam/_DSC0768.tif,3,3,2,1,4,3,1042,1362,2574,2894
/Volumes/Mark-Banfield/Josh_Williams/Scoring_5May/Adam/_DSC0768.tif,3,3,2,1,5,3,1220,1510,2321,2611
/Volumes/Mark-Banfield/Josh_Williams/Scoring_5May/Adam/_DSC0768.tif,3,3,2,1,6,3,1042,1340,2030,2328
/Volumes/Mark-Banfield/Josh_Williams/Scoring_5May/Adam/_DSC0768.tif,3,3,2,3,1,4,2347,2593,2090,2336
/Volumes/Mark-Banfield/Josh_Williams/Scoring_5May/Adam/_DSC0768.tif,3,3,2,3,2,4,2120,2448,2261,2589
/Volumes/Mark-Banfield/Josh_Williams/Scoring_5May/Adam/_DSC0768.tif,3,3,2,3,3,4,2157,2477,2604,2924
/Volumes/Mark-Banfield/Josh_Williams/Scoring_5May/Adam/_DSC0768.tif,3,3,3,1,4,4,1309,1711,4180,4582
/Volumes/Mark-Banfield/Josh_Williams/Scoring_5May/Adam/_DSC0768.tif,3,3,3,1,5,4,1388,1722,3868,4202
/Volumes/Mark-Banfield/Josh_Williams/Scoring_5May/Adam/_DSC0768.tif,3,3,3,3,1,4,2268,2566,3778,4076
/Volumes/Mark-Banfield/Josh_Williams/Scoring_5May/Adam/_DSC0768.tif,3,3,3,3,2,4,2236,2556,4046,4366
/Volumes/Mark-Banfield/Josh_Williams/Scoring_5May/Adam/_DSC0768.tif,3,3,3,3,3,4,2202,2522,4366,4686
/Volumes/Mark-Banfield/Josh_Williams/Scoring_5May/Adam/_DSC1334.TIF,3,3,1,2,1,6,1562,1852,525,815
/Volumes/Mark-Banfield/Josh_Williams/Scoring_5May/Adam/_DSC1334.TIF,3,3,1,2,6,3,1831,2173,424,766
/Volumes/Mark-Banfield/Josh_Williams/Scoring_5May/Adam/_DSC1334.TIF,3,3,2,1,1,6,744,1080,1714,2050
/Volumes/Mark-Banfield/Josh_Williams/Scoring_5May/Adam/_DSC1334.TIF,3,3,2,3,1,2,2514,2900,1783,2169
/Volumes/Mark-Banfield/Josh_Williams/Scoring_5May/Adam/_DSC1334.TIF,3,3,2,3,5,1,3042,3444,2258,2660
/Volumes/Mark-Banfield/Josh_Williams/Scoring_5May/Adam/_DSC1334.TIF,3,3,2,3,6,5,2935,3269,1868,2202
/Volumes/Mark-Banfield/Josh_Williams/Scoring_5May/Adam/_DSC1334.TIF,3,3,3,1,2,3,848,1220,3585,3957
/Volumes/Mark-Banfield/Josh_Williams/Scoring_5May/Adam/_DSC1334.TIF,3,3,3,1,5,5,1443,1801,3518,3876
/Volumes/Mark-Banfield/Josh_Williams/Scoring_5May/Adam/_DSC1334.TIF,3,3,3,3,2,3,2440,2760,3805,4125
/Volumes/Mark-Banfield/Josh_Williams/Scoring_5May/Adam/_DSC1334.TIF,3,3,3,3,5,6,3020,3370,3868,4218
/Volumes/Mark-Banfield/Josh_Williams/Scoring_5May/Adam/_DSC1334.TIF,3,3,3,3,6,1,2904,3232,3510,3838
/Volumes/Mark-Banfield/Josh_Williams/Scoring_5May/Adam/_DSC1017.TIF,3,3,1,1,4,6,986,1344,1146,1504
/Volumes/Mark-Banfield/Josh_Williams/Scoring_5May/Adam/_DSC1017.TIF,3,3,1,3,1,6,2280,2630,544,894
/Volumes/Mark-Banfield/Josh_Williams/Scoring_5May/Adam/_DSC1017.TIF,3,3,1,3,6,6,2604,2968,466,830
/Volumes/Mark-Banfield/Josh_Williams/Scoring_5May/Adam/_DSC1017.TIF,3,3,2,2,2,2,1231,1603,2194,2566
/Volumes/Mark-Banfield/Josh_Williams/Scoring_5May/Adam/_DSC1017.TIF,3,3,2,2,3,4,1324,1816,2555,3047
/Volumes/Mark-Banfield/Josh_Williams/Scoring_5May/Adam/_DSC1017.TIF,3,3,2,2,4,2,1983,2347,2634,2998
/Volumes/Mark-Banfield/Josh_Williams/Scoring_5May/Adam/_DSC1017.TIF,3,3,3,1,3,3,462,916,3957,4411
/Volumes/Mark-Banfield/Josh_Williams/Scoring_5May/Adam/_DSC1017.TIF,3,3,3,1,4,5,1080,1592,4062,4574
/Volumes/Mark-Banfield/Josh_Williams/Scoring_5May/Adam/_DSC1017.TIF,3,3,3,3,2,3,2284,2640,3745,4101
/Volumes/Mark-Banfield/Josh_Williams/Scoring_5May/Adam/_DSC1017.TIF,3,3,3,3,5,6,3116,3488,3615,3987
/Volumes/Mark-Banfield/Josh_Williams/Scoring_5May/Adam/_DSC1017.TIF,3,3,3,3,6,1,2842,3190,3370,3718
/Volumes/Mark-Banfield/Josh_Williams/Scoring_5May/Adam/_DSC9258.tif,3,4,1,1,2,5,802,1016,328,542
/Volumes/Mark-Banfield/Josh_Williams/Scoring_5May/Adam/_DSC9258.tif,3,4,1,1,3,3,686,924,561,799
/Volumes/Mark-Banfield/Josh_Williams/Scoring_5May/Adam/_DSC9258.tif,3,4,1,1,4,0,686,1032,854,1200
/Volumes/Mark-Banfield/Josh_Williams/Scoring_5May/Adam/_DSC9258.tif,3,4,1,1,5,6,1226,1464,681,919
/Volumes/Mark-Banfield/Josh_Williams/Scoring_5May/Adam/_DSC9258.tif,3,4,1,2,1,0,1061,1359,362,660
/Volumes/Mark-Banfield/Josh_Williams/Scoring_5May/Adam/_DSC9258.tif,3,4,1,2,2,4,1978,2182,293,497
/Volumes/Mark-Banfield/Josh_Williams/Scoring_5May/Adam/_DSC9258.tif,3,4,1,2,3,4,1840,2048,457,665
/Volumes/Mark-Banfield/Josh_Williams/Scoring_5May/Adam/_DSC9258.tif,3,4,1,2,4,0,1713,2031,710,1028
/Volumes/Mark-Banfield/Josh_Williams/Scoring_5May/Adam/_DSC9258.tif,3,4,1,2,5,6,2259,2477,666,884
/Volumes/Mark-Banfield/Josh_Williams/Scoring_5May/Adam/_DSC9258.tif,3,4,1,3,1,0,2180,2452,308,580
/Volumes/Mark-Banfield/Josh_Williams/Scoring_5May/Adam/_DSC9258.tif,3,4,1,3,2,0,3188,3358,338,508
/Volumes/Mark-Banfield/Josh_Williams/Scoring_5May/Adam/_DSC9258.tif,3,4,1,3,3,6,3169,3361,532,724
/Volumes/Mark-Banfield/Josh_Williams/Scoring_5May/Adam/_DSC9258.tif,3,4,1,3,4,1,3144,3338,739,933
/Volumes/Mark-Banfield/Josh_Williams/Scoring_5May/Adam/_DSC9258.tif,3,4,1,3,5,0,3445,3615,640,810
/Volumes/Mark-Banfield/Josh_Williams/Scoring_5May/Adam/_DSC9258.tif,3,4,1,4,1,5,3430,3598,432,600
/Volumes/Mark-Banfield/Josh_Williams/Scoring_5May/Adam/_DSC9258.tif,3,4,1,4,2,0,4054,4286,254,486
/Volumes/Mark-Banfield/Josh_Williams/Scoring_5May/Adam/_DSC9258.tif,3,4,1,4,3,5,3956,4150,502,696
/Volumes/Mark-Banfield/Josh_Williams/Scoring_5May/Adam/_DSC9258.tif,3,4,1,4,4,0,3939,4217,750,1028
/Volumes/Mark-Banfield/Josh_Williams/Scoring_5May/Adam/_DSC9258.tif,3,4,1,4,5,0,4348,4676,764,1092
/Volumes/Mark-Banfield/Josh_Williams/Scoring_5May/Adam/_DSC9258.tif,3,4,2,1,1,6,4371,4609,448,686
/Volumes/Mark-Banfield/Josh_Williams/Scoring_5May/Adam/_DSC9258.tif,3,4,2,1,2,6,779,997,1528,1746
/Volumes/Mark-Banfield/Josh_Williams/Scoring_5May/Adam/_DSC9258.tif,3,4,2,1,3,0,620,898,1756,2034
/Volumes/Mark-Banfield/Josh_Williams/Scoring_5May/Adam/_DSC9258.tif,3,4,2,1,4,4,613,871,2058,2316
/Volumes/Mark-Banfield/Josh_Williams/Scoring_5May/Adam/_DSC9258.tif,3,4,2,1,5,2,1042,1314,1962,2234
/Volumes/Mark-Banfield/Josh_Williams/Scoring_5May/Adam/_DSC9258.tif,3,4,2,2,1,0,1002,1260,1662,1920
/Volumes/Mark-Banfield/Josh_Williams/Scoring_5May/Adam/_DSC9258.tif,3,4,2,2,2,6,1846,2074,1496,1724
/Volumes/Mark-Banfield/Josh_Williams/Scoring_5May/Adam/_DSC9258.tif,3,4,2,2,3,0,1772,2036,1750,2014
/Volumes/Mark-Banfield/Josh_Williams/Scoring_5May/Adam/_DSC9258.tif,3,4,2,2,4,3,1793,2051,2034,2292
/Volumes/Mark-Banfield/Josh_Williams/Scoring_5May/Adam/_DSC9258.tif,3,4,2,2,5,3,2232,2480,1937,2185
/Volumes/Mark-Banfield/Josh_Williams/Scoring_5May/Adam/_DSC9258.tif,3,4,2,3,1,0,2127,2465,1552,1890
/Volumes/Mark-Banfield/Josh_Williams/Scoring_5May/Adam/_DSC9258.tif,3,4,2,3,2,0,3278,3546,1434,1702
/Volumes/Mark-Banfield/Josh_Williams/Scoring_5May/Adam/_DSC9258.tif,3,4,2,3,3,6,3144,3392,1711,1959
/Volumes/Mark-Banfield/Josh_Williams/Scoring_5May/Adam/_DSC9258.tif,3,4,2,3,4,0,3198,3452,1971,2225
/Volumes/Mark-Banfield/Josh_Williams/Scoring_5May/Adam/_DSC9258.tif,3,4,2,3,5,4,3640,3878,1776,2014
/Volumes/Mark-Banfield/Josh_Williams/Scoring_5May/Adam/_DSC9258.tif,3,4,2,4,1,3,3536,3798,1484,1746
/Volumes/Mark-Banfield/Josh_Williams/Scoring_5May/Adam/_DSC9258.tif,3,4,2,4,2,0,4131,4369,1512,1750
/Volumes/Mark-Banfield/Josh_Williams/Scoring_5May/Adam/_DSC9258.tif,3,4,2,4,3,4,4076,4348,1761,2033
/Volumes/Mark-Banfield/Josh_Williams/Scoring_5May/Adam/_DSC9258.tif,3,4,2,4,4,1,4140,4418,2018,2296
/Volumes/Mark-Banfield/Josh_Williams/Scoring_5May/Adam/_DSC9258.tif,3,4,2,4,5,2,4448,4730,1898,2180
/Volumes/Mark-Banfield/Josh_Williams/Scoring_5May/Adam/_DSC9258.tif,3,4,3,1,1,3,4388,4666,1548,1826
/Volumes/Mark-Banfield/Josh_Williams/Scoring_5May/Adam/_DSC9258.tif,3,4,3,2,1,4,2034,2256,2698,2920
/Volumes/Mark-Banfield/Josh_Williams/Scoring_5May/Adam/_DSC9258.tif,3,4,3,2,2,0,1904,2148,2957,3201
/Volumes/Mark-Banfield/Josh_Williams/Scoring_5May/Adam/_DSC9258.tif,3,4,3,2,3,5,1991,2219,3198,3426
/Volumes/Mark-Banfield/Josh_Williams/Scoring_5May/Adam/_DSC9258.tif,3,4,3,2,4,0,2301,2633,3070,3402
/Volumes/Mark-Banfield/Josh_Williams/Scoring_5May/Adam/_DSC9258.tif,3,4,3,2,5,6,2253,2463,2796,3006
/Volumes/Mark-Banfield/Josh_Williams/Scoring_5May/Adam/_DSC9258.tif,3,4,3,3,1,4,2930,3134,2802,3006
/Volumes/Mark-Banfield/Josh_Williams/Scoring_5May/Adam/_DSC9258.tif,3,4,3,3,2,0,2814,3032,2990,3208
/Volumes/Mark-Banfield/Josh_Williams/Scoring_5May/Adam/_DSC9258.tif,3,4,3,3,3,5,2919,3151,3214,3446
/Volumes/Mark-Banfield/Josh_Williams/Scoring_5May/Adam/_DSC9258.tif,3,4,3,3,4,0,3214,3480,3120,3386
/Volumes/Mark-Banfield/Josh_Williams/Scoring_5May/Adam/_DSC9258.tif,3,4,3,3,5,3,3168,3452,2788,3072
/Volumes/Mark-Banfield/Josh_Williams/Scoring_5May/Adam/_DSC0767.tif,3,3,1,2,4,6,2344,2716,1611,1983
/Volumes/Mark-Banfield/Josh_Williams/Scoring_5May/Adam/_DSC0767.tif,3,3,1,2,5,6,2366,2664,1258,1556
/Volumes/Mark-Banfield/Josh_Williams/Scoring_5May/Adam/_DSC0767.tif,3,3,1,2,6,6,2306,2634,941,1269
/Volumes/Mark-Banfield/Josh_Williams/Scoring_5May/Adam/_DSC0767.tif,3,3,2,1,1,4,1060,1336,2254,2530
/Volumes/Mark-Banfield/Josh_Williams/Scoring_5May/Adam/_DSC0767.tif,3,3,2,1,2,4,960,1302,2544,2886
/Volumes/Mark-Banfield/Josh_Williams/Scoring_5May/Adam/_DSC0767.tif,3,3,2,1,3,4,957,1277,2894,3214
/Volumes/Mark-Banfield/Josh_Williams/Scoring_5May/Adam/_DSC0767.tif,3,3,2,3,1,5,2462,2812,2506,2856
/Volumes/Mark-Banfield/Josh_Williams/Scoring_5May/Adam/_DSC0767.tif,3,3,2,3,2,5,2358,2692,2856,3190
/Volumes/Mark-Banfield/Josh_Williams/Scoring_5May/Adam/_DSC0767.tif,3,3,2,3,3,5,2344,2700,3269,3625
/Volumes/Mark-Banfield/Josh_Williams/Scoring_5May/Adam/_DSC0767.tif,3,3,3,1,1,5,938,1354,3771,4187
/Volumes/Mark-Banfield/Josh_Williams/Scoring_5May/Adam/_DSC0767.tif,3,3,3,1,2,5,946,1288,4136,4478
/Volumes/Mark-Banfield/Josh_Williams/Scoring_5May/Adam/_DSC0767.tif,3,3,3,1,3,5,968,1332,4474,4838
/Volumes/Mark-Banfield/Josh_Williams/Scoring_5May/Adam/_DSC0767.tif,3,3,3,3,1,3,2749,3039,4068,4358
/Volumes/Mark-Banfield/Josh_Williams/Scoring_5May/Adam/_DSC0767.tif,3,3,3,3,2,3,2536,2848,4314,4626
/Volumes/Mark-Banfield/Josh_Williams/Scoring_5May/Adam/_DSC0767.tif,3,3,3,3,3,3,2500,2886,4686,5072
/Volumes/Mark-Banfield/Josh_Williams/Scoring_5May/Adam/DSC_9235.TIF,3,3,1,1,2,4,548,812,301,565
/Volumes/Mark-Banfield/Josh_Williams/Scoring_5May/Adam/DSC_9235.TIF,3,3,1,1,6,5,876,1138,514,776
/Volumes/Mark-Banfield/Josh_Williams/Scoring_5May/Adam/DSC_9235.TIF,3,3,1,2,1,4,834,1062,312,540
/Volumes/Mark-Banfield/Josh_Williams/Scoring_5May/Adam/DSC_9235.TIF,3,3,1,3,1,4,3482,3792,164,474
/Volumes/Mark-Banfield/Josh_Williams/Scoring_5May/Adam/DSC_9235.TIF,3,3,1,3,6,4,3796,4064,250,518
/Volumes/Mark-Banfield/Josh_Williams/Scoring_5May/Adam/DSC_9235.TIF,3,3,2,2,3,3,1762,2078,1654,1970
/Volumes/Mark-Banfield/Josh_Williams/Scoring_5May/Adam/DSC_9235.TIF,3,3,2,2,4,3,2296,2678,1718,2100
/Volumes/Mark-Banfield/Josh_Williams/Scoring_5May/Adam/DSC_9235.TIF,3,3,3,1,2,2,662,968,1894,2200
/Volumes/Mark-Banfield/Josh_Williams/Scoring_5May/Adam/DSC_9235.TIF,3,3,3,1,5,6,1276,1596,1947,2267
/Volumes/Mark-Banfield/Josh_Williams/Scoring_5May/Adam/DSC_9235.TIF,3,3,3,3,1,2,3176,3496,1712,2032
/Volumes/Mark-Banfield/Josh_Williams/Scoring_5May/Adam/DSC_9235.TIF,3,3,3,3,2,3,3040,3388,1969,2317
/Volumes/Mark-Banfield/Josh_Williams/Scoring_5May/Adam/DSC_9235.TIF,3,3,3,3,3,1,3014,3356,2320,2662
/Volumes/Mark-Banfield/Josh_Williams/Scoring_5May/Adam/DSC_9235.TIF,3,3,3,3,5,4,3608,3914,1968,2274
/Volumes/Mark-Banfield/Josh_Williams/Scoring_5May/Adam/DSC_0109.TIF,3,3,1,1,3,6,336,640,1106,1410
/Volumes/Mark-Banfield/Josh_Williams/Scoring_5May/Adam/DSC_0109.TIF,3,3,1,1,4,5,818,1172,1137,1491
/Volumes/Mark-Banfield/Josh_Williams/Scoring_5May/Adam/DSC_0109.TIF,3,3,1,3,1,4,2186,2462,396,672
/Volumes/Mark-Banfield/Josh_Williams/Scoring_5May/Adam/DSC_0109.TIF,3,3,1,3,6,4,2493,2789,370,666
/Volumes/Mark-Banfield/Josh_Williams/Scoring_5May/Adam/DSC_0109.TIF,3,3,2,2,2,4,1226,1522,1913,2209
/Volumes/Mark-Banfield/Josh_Williams/Scoring_5May/Adam/DSC_0109.TIF,3,3,2,2,5,6,1824,2128,1718,2022
/Volumes/Mark-Banfield/Josh_Williams/Scoring_5May/Adam/DSC_0109.TIF,3,3,3,1,3,4,416,798,3673,4055
/Volumes/Mark-Banfield/Josh_Williams/Scoring_5May/Adam/DSC_0109.TIF,3,3,3,1,4,3,1120,1474,3536,3890
/Volumes/Mark-Banfield/Josh_Williams/Scoring_5May/Adam/DSC_0109.TIF,3,3,3,3,1,2,2114,2450,2920,3256
/Volumes/Mark-Banfield/Josh_Williams/Scoring_5May/Adam/DSC_0109.TIF,3,3,3,3,6,3,2495,2765,2982,3252
/Volumes/Mark-Banfield/Josh_Williams/Scoring_5May/Adam/DSC_0210.TIF,3,3,1,1,2,2,610,932,1100,1422
/Volumes/Mark-Banfield/Josh_Williams/Scoring_5May/Adam/DSC_0210.TIF,3,3,1,1,5,3,1226,1580,1301,1655
/Volumes/Mark-Banfield/Josh_Williams/Scoring_5May/Adam/DSC_0210.TIF,3,3,1,3,1,1,2456,2758,752,1054
/Volumes/Mark-Banfield/Josh_Williams/Scoring_5May/Adam/DSC_0210.TIF,3,3,1,3,6,1,2808,3098,784,1074
/Volumes/Mark-Banfield/Josh_Williams/Scoring_5May/Adam/DSC_0210.TIF,3,3,2,2,2,2,1324,1606,2318,2600
/Volumes/Mark-Banfield/Josh_Williams/Scoring_5May/Adam/DSC_0210.TIF,3,3,2,2,5,5,1976,2264,2374,2662
/Volumes/Mark-Banfield/Josh_Williams/Scoring_5May/Adam/DSC_0210.TIF,3,3,3,1,2,0,432,820,3450,3838
/Volumes/Mark-Banfield/Josh_Williams/Scoring_5May/Adam/DSC_0210.TIF,3,3,3,1,5,0,1255,1591,3508,3844
/Volumes/Mark-Banfield/Josh_Williams/Scoring_5May/Adam/DSC_0210.TIF,3,3,3,3,1,0,2186,2522,3390,3726
/Volumes/Mark-Banfield/Josh_Williams/Scoring_5May/Adam/DSC_0210.TIF,3,3,3,3,6,0,2459,2769,3430,3740
/Volumes/Mark-Banfield/Josh_Williams/Scoring_5May/Adam/_DSC1804.tif,4,4,1,1,1,0,1263,1417,144,298
/Volumes/Mark-Banfield/Josh_Williams/Scoring_5May/Adam/_DSC1804.tif,4,4,1,1,2,6,1176,1364,296,484
/Volumes/Mark-Banfield/Josh_Williams/Scoring_5May/Adam/_DSC1804.tif,4,4,1,1,3,0,1146,1354,445,653
/Volumes/Mark-Banfield/Josh_Williams/Scoring_5May/Adam/_DSC1804.tif,4,4,1,1,4,6,1235,1419,626,810
/Volumes/Mark-Banfield/Josh_Williams/Scoring_5May/Adam/_DSC1804.tif,4,4,1,1,5,0,1504,1692,609,797
/Volumes/Mark-Banfield/Josh_Williams/Scoring_5May/Adam/_DSC1804.tif,4,4,1,1,6,6,1587,1741,472,626
/Volumes/Mark-Banfield/Josh_Williams/Scoring_5May/Adam/_DSC1804.tif,4,4,1,1,7,0,1504,1696,291,483
/Volumes/Mark-Banfield/Josh_Williams/Scoring_5May/Adam/_DSC1804.tif,4,4,1,1,8,6,1448,1598,164,314
/Volumes/Mark-Banfield/Josh_Williams/Scoring_5May/Adam/_DSC1804.tif,4,4,1,2,1,0,1974,2132,120,278
/Volumes/Mark-Banfield/Josh_Williams/Scoring_5May/Adam/_DSC1804.tif,4,4,1,2,2,6,1940,2112,290,462
/Volumes/Mark-Banfield/Josh_Williams/Scoring_5May/Adam/_DSC1804.tif,4,4,1,2,3,0,1914,2068,452,606
/Volumes/Mark-Banfield/Josh_Williams/Scoring_5May/Adam/_DSC1804.tif,4,4,1,2,4,6,2004,2158,563,717
/Volumes/Mark-Banfield/Josh_Williams/Scoring_5May/Adam/_DSC1804.tif,4,4,1,2,5,0,2262,2440,525,703
/Volumes/Mark-Banfield/Josh_Williams/Scoring_5May/Adam/_DSC1804.tif,4,4,1,2,6,6,2316,2480,348,512
/Volumes/Mark-Banfield/Josh_Williams/Scoring_5May/Adam/_DSC1804.tif,4,4,1,2,7,1,2188,2376,185,373
/Volumes/Mark-Banfield/Josh_Williams/Scoring_5May/Adam/_DSC1804.tif,4,4,1,2,8,6,2132,2262,100,230
/Volumes/Mark-Banfield/Josh_Williams/Scoring_5May/Adam/_DSC1804.tif,4,4,1,3,1,6,2826,2960,187,321
/Volumes/Mark-Banfield/Josh_Williams/Scoring_5May/Adam/_DSC1804.tif,4,4,1,3,2,0,2762,2930,311,479
/Volumes/Mark-Banfield/Josh_Williams/Scoring_5May/Adam/_DSC1804.tif,4,4,1,3,3,6,2742,2896,484,638
/Volumes/Mark-Banfield/Josh_Williams/Scoring_5May/Adam/_DSC1804.tif,4,4,1,3,4,0,2740,2938,656,854
/Volumes/Mark-Banfield/Josh_Williams/Scoring_5May/Adam/_DSC1804.tif,4,4,1,3,5,6,3050,3228,690,868
/Volumes/Mark-Banfield/Josh_Williams/Scoring_5May/Adam/_DSC1804.tif,4,4,1,3,6,0,3168,3352,499,683
/Volumes/Mark-Banfield/Josh_Williams/Scoring_5May/Adam/_DSC1804.tif,4,4,1,3,7,6,3078,3240,334,496
/Volumes/Mark-Banfield/Josh_Williams/Scoring_5May/Adam/_DSC1804.tif,4,4,1,3,8,0,3010,3158,160,308
/Volumes/Mark-Banfield/Josh_Williams/Scoring_5May/Adam/_DSC1804.tif,4,4,1,4,1,6,3724,3852,254,382
/Volumes/Mark-Banfield/Josh_Williams/Scoring_5May/Adam/_DSC1804.tif,4,4,1,4,2,0,3650,3804,395,549
/Volumes/Mark-Banfield/Josh_Williams/Scoring_5May/Adam/_DSC1804.tif,4,4,1,4,3,6,3684,3848,578,742
/Volumes/Mark-Banfield/Josh_Williams/Scoring_5May/Adam/_DSC1804.tif,4,4,1,4,4,1,3778,3932,722,876
/Volumes/Mark-Banfield/Josh_Williams/Scoring_5May/Adam/_DSC1804.tif,4,4,1,4,5,6,3924,4118,606,800
/Volumes/Mark-Banfield/Josh_Williams/Scoring_5May/Adam/_DSC1804.tif,4,4,1,4,6,0,3990,4148,428,586
/Volumes/Mark-Banfield/Josh_Williams/Scoring_5May/Adam/_DSC1804.tif,4,4,1,4,7,6,3946,4096,278,428
/Volumes/Mark-Banfield/Josh_Williams/Scoring_5May/Adam/_DSC1804.tif,4,4,1,4,8,0,3818,3962,139,283
/Volumes/Mark-Banfield/Josh_Williams/Scoring_5May/Adam/_DSC1804.tif,4,4,2,1,1,1,1330,1444,1059,1173
/Volumes/Mark-Banfield/Josh_Williams/Scoring_5May/Adam/_DSC1804.tif,4,4,2,1,2,6,1270,1404,1200,1334
/Volumes/Mark-Banfield/Josh_Williams/Scoring_5May/Adam/_DSC1804.tif,4,4,2,1,3,0,1142,1330,1369,1557
/Volumes/Mark-Banfield/Josh_Williams/Scoring_5May/Adam/_DSC1804.tif,4,4,2,1,4,5,1176,1360,1579,1763
/Volumes/Mark-Banfield/Josh_Williams/Scoring_5May/Adam/_DSC1804.tif,4,4,2,1,5,1,1484,1682,1551,1749
/Volumes/Mark-Banfield/Josh_Williams/Scoring_5May/Adam/_DSC1804.tif,4,4,2,1,6,6,1498,1662,1393,1557
/Volumes/Mark-Banfield/Josh_Williams/Scoring_5May/Adam/_DSC1804.tif,4,4,2,1,7,0,1471,1639,1206,1374
/Volumes/Mark-Banfield/Josh_Williams/Scoring_5May/Adam/_DSC1804.tif,4,4,2,1,8,5,1468,1626,1052,1210
/Volumes/Mark-Banfield/Josh_Williams/Scoring_5May/Adam/_DSC1804.tif,4,4,2,2,1,0,2149,2323,1126,1300
/Volumes/Mark-Banfield/Josh_Williams/Scoring_5May/Adam/_DSC1804.tif,4,4,2,2,2,6,2122,2292,1281,1451
/Volumes/Mark-Banfield/Josh_Williams/Scoring_5May/Adam/_DSC1804.tif,4,4,2,2,3,0,2084,2256,1449,1621
/Volumes/Mark-Banfield/Josh_Williams/Scoring_5May/Adam/_DSC1804.tif,4,4,2,2,4,6,2212,2416,1582,1786
/Volumes/Mark-Banfield/Josh_Williams/Scoring_5May/Adam/_DSC1804.tif,4,4,2,2,5,0,2500,2718,1562,1780
/Volumes/Mark-Banfield/Josh_Williams/Scoring_5May/Adam/_DSC1804.tif,4,4,2,2,6,6,2632,2784,1390,1542
/Volumes/Mark-Banfield/Josh_Williams/Scoring_5May/Adam/_DSC1804.tif,4,4,2,2,7,0,2487,2671,1220,1404
/Volumes/Mark-Banfield/Josh_Williams/Scoring_5May/Adam/_DSC1804.tif,4,4,2,2,8,6,2338,2502,1082,1246
/Volumes/Mark-Banfield/Josh_Williams/Scoring_5May/Adam/_DSC1804.tif,4,4,2,3,1,6,3012,3176,1066,1230
/Volumes/Mark-Banfield/Josh_Williams/Scoring_5May/Adam/_DSC1804.tif,4,4,2,3,2,0,2900,3080,1193,1373
/Volumes/Mark-Banfield/Josh_Williams/Scoring_5May/Adam/_DSC1804.tif,4,4,2,3,3,6,2859,3057,1354,1552
/Volumes/Mark-Banfield/Josh_Williams/Scoring_5May/Adam/_DSC1804.tif,4,4,2,3,4,0,2963,3131,1528,1696
/Volumes/Mark-Banfield/Josh_Williams/Scoring_5May/Adam/_DSC1804.tif,4,4,2,3,5,6,3179,3391,1484,1696
/Volumes/Mark-Banfield/Josh_Williams/Scoring_5May/Adam/_DSC1804.tif,4,4,2,3,6,0,3262,3456,1324,1518
/Volumes/Mark-Banfield/Josh_Williams/Scoring_5May/Adam/_DSC1804.tif,4,4,2,3,7,6,3178,3342,1206,1370
/Volumes/Mark-Banfield/Josh_Williams/Scoring_5May/Adam/_DSC1804.tif,4,4,2,3,8,0,3164,3328,1059,1223
/Volumes/Mark-Banfield/Josh_Williams/Scoring_5May/Adam/_DSC1804.tif,4,4,2,4,1,6,3687,3855,1032,1200
/Volumes/Mark-Banfield/Josh_Williams/Scoring_5May/Adam/_DSC1804.tif,4,4,2,4,3,6,3634,3788,1421,1575
/Volumes/Mark-Banfield/Josh_Williams/Scoring_5May/Adam/_DSC1804.tif,4,4,2,4,4,0,3640,3808,1592,1760
/Volumes/Mark-Banfield/Josh_Williams/Scoring_5May/Adam/_DSC1804.tif,4,4,2,4,5,6,3928,4100,1541,1713
/Volumes/Mark-Banfield/Josh_Williams/Scoring_5May/Adam/_DSC1804.tif,4,4,2,4,6,0,4012,4240,1322,1550
/Volumes/Mark-Banfield/Josh_Williams/Scoring_5May/Adam/_DSC1804.tif,4,4,2,4,7,6,3986,4146,1178,1338
/Volumes/Mark-Banfield/Josh_Williams/Scoring_5May/Adam/_DSC1804.tif,4,4,2,4,8,0,3835,4013,992,1170
/Volumes/Mark-Banfield/Josh_Williams/Scoring_5May/Adam/_DSC1804.tif,4,4,3,1,1,4,1366,1506,2132,2272
/Volumes/Mark-Banfield/Josh_Williams/Scoring_5May/Adam/_DSC1804.tif,4,4,3,1,2,6,1300,1464,2254,2418
/Volumes/Mark-Banfield/Josh_Williams/Scoring_5May/Adam/_DSC1804.tif,4,4,3,1,3,0,1256,1414,2388,2546
/Volumes/Mark-Banfield/Josh_Williams/Scoring_5May/Adam/_DSC1804.tif,4,4,3,1,4,6,1340,1478,2530,2668
/Volumes/Mark-Banfield/Josh_Williams/Scoring_5May/Adam/_DSC1804.tif,4,4,3,1,5,0,1538,1706,2512,2680
/Volumes/Mark-Banfield/Josh_Williams/Scoring_5May/Adam/_DSC1804.tif,4,4,3,1,6,6,1632,1800,2356,2524
/Volumes/Mark-Banfield/Josh_Williams/Scoring_5May/Adam/_DSC1804.tif,4,4,3,1,7,0,1578,1712,2249,2383
/Volumes/Mark-Banfield/Josh_Williams/Scoring_5May/Adam/_DSC1804.tif,4,4,3,1,8,6,1485,1645,2102,2262
/Volumes/Mark-Banfield/Josh_Williams/Scoring_5May/Adam/_DSC1804.tif,4,4,3,2,1,0,2155,2283,2064,2192
/Volumes/Mark-Banfield/Josh_Williams/Scoring_5May/Adam/_DSC1804.tif,4,4,3,2,2,5,2054,2198,2178,2322
/Volumes/Mark-Banfield/Josh_Williams/Scoring_5May/Adam/_DSC1804.tif,4,4,3,2,3,0,2044,2152,2324,2432
/Volumes/Mark-Banfield/Josh_Williams/Scoring_5May/Adam/_DSC1804.tif,4,4,3,2,4,6,2148,2272,2410,2534
/Volumes/Mark-Banfield/Josh_Williams/Scoring_5May/Adam/_DSC1804.tif,4,4,3,2,5,0,2276,2406,2410,2540
/Volumes/Mark-Banfield/Josh_Williams/Scoring_5May/Adam/_DSC1804.tif,4,4,3,2,6,5,2368,2498,2320,2450
/Volumes/Mark-Banfield/Josh_Williams/Scoring_5May/Adam/_DSC1804.tif,4,4,3,2,7,0,2326,2450,2188,2312
/Volumes/Mark-Banfield/Josh_Williams/Scoring_5May/Adam/_DSC1804.tif,4,4,3,2,8,6,2320,2430,2078,2188
/Volumes/Mark-Banfield/Josh_Williams/Scoring_5May/Adam/_DSC1804.tif,4,4,3,3,1,6,3034,3184,1856,2006
/Volumes/Mark-Banfield/Josh_Williams/Scoring_5May/Adam/_DSC1804.tif,4,4,3,3,2,0,2900,3064,1939,2103
/Volumes/Mark-Banfield/Josh_Williams/Scoring_5May/Adam/_DSC1804.tif,4,4,3,3,3,6,2806,3006,2070,2270
/Volumes/Mark-Banfield/Josh_Williams/Scoring_5May/Adam/_DSC1804.tif,4,4,3,3,4,0,2874,3072,2266,2464
/Volumes/Mark-Banfield/Josh_Williams/Scoring_5May/Adam/_DSC1804.tif,4,4,3,3,5,6,3234,3406,2329,2501
/Volumes/Mark-Banfield/Josh_Williams/Scoring_5May/Adam/_DSC1804.tif,4,4,3,3,6,0,3272,3432,2179,2339
/Volumes/Mark-Banfield/Josh_Williams/Scoring_5May/Adam/_DSC1804.tif,4,4,3,3,7,6,3268,3442,2016,2190
/Volumes/Mark-Banfield/Josh_Williams/Scoring_5May/Adam/_DSC1804.tif,4,4,3,4,1,6,3887,4011,1934,2058
/Volumes/Mark-Banfield/Josh_Williams/Scoring_5May/Adam/_DSC1804.tif,4,4,3,4,2,0,3768,3938,2025,2195
/Volumes/Mark-Banfield/Josh_Williams/Scoring_5May/Adam/_DSC1804.tif,4,4,3,4,3,6,3738,3908,2179,2349
/Volumes/Mark-Banfield/Josh_Williams/Scoring_5May/Adam/_DSC1804.tif,4,4,3,4,4,0,3736,3958,2346,2568
/Volumes/Mark-Banfield/Josh_Williams/Scoring_5May/Adam/_DSC1804.tif,4,4,3,4,5,6,4066,4224,2490,2648
/Volumes/Mark-Banfield/Josh_Williams/Scoring_5May/Adam/_DSC1804.tif,4,4,3,4,6,0,4190,4354,2338,2502
/Volumes/Mark-Banfield/Josh_Williams/Scoring_5May/Adam/_DSC1804.tif,4,4,3,4,7,6,4133,4301,2152,2320
/Volumes/Mark-Banfield/Josh_Williams/Scoring_5May/Adam/_DSC1804.tif,4,4,3,4,8,0,4066,4220,1974,2128
/Volumes/Mark-Banfield/Josh_Williams/Scoring_5May/Adam/_DSC1804.tif,4,4,4,1,2,6,1320,1484,3027,3191
/Volumes/Mark-Banfield/Josh_Williams/Scoring_5May/Adam/_DSC1804.tif,4,4,4,1,3,0,1236,1454,3154,3372
/Volumes/Mark-Banfield/Josh_Williams/Scoring_5May/Adam/_DSC1804.tif,4,4,4,1,4,6,1329,1499,3396,3566
/Volumes/Mark-Banfield/Josh_Williams/Scoring_5May/Adam/_DSC1804.tif,4,4,4,1,5,0,1556,1788,3328,3560
/Volumes/Mark-Banfield/Josh_Williams/Scoring_5May/Adam/_DSC1804.tif,4,4,4,1,6,6,1689,1833,3158,3302
/Volumes/Mark-Banfield/Josh_Williams/Scoring_5May/Adam/_DSC1804.tif,4,4,4,1,7,0,1578,1746,3005,3173
/Volumes/Mark-Banfield/Josh_Williams/Scoring_5May/Adam/_DSC1804.tif,4,4,4,1,8,6,1520,1664,2852,2996
/Volumes/Mark-Banfield/Josh_Williams/Scoring_5May/Adam/_DSC1804.tif,4,4,4,2,2,6,2122,2302,2994,3174
/Volumes/Mark-Banfield/Josh_Williams/Scoring_5May/Adam/_DSC1804.tif,4,4,4,2,3,1,2074,2266,3145,3337
/Volumes/Mark-Banfield/Josh_Williams/Scoring_5May/Adam/_DSC1804.tif,4,4,4,2,4,5,2178,2380,3310,3512
/Volumes/Mark-Banfield/Josh_Williams/Scoring_5May/Adam/_DSC1804.tif,4,4,4,2,5,0,2455,2619,3262,3426
/Volumes/Mark-Banfield/Josh_Williams/Scoring_5May/Adam/_DSC1804.tif,4,4,4,2,6,6,2511,2661,3094,3244
/Volumes/Mark-Banfield/Josh_Williams/Scoring_5May/Adam/_DSC1804.tif,4,4,4,2,7,0,2425,2585,2910,3070
/Volumes/Mark-Banfield/Josh_Williams/Scoring_5May/Adam/_DSC1804.tif,4,4,4,2,8,6,2312,2454,2795,2937
/Volumes/Mark-Banfield/Josh_Williams/Scoring_5May/Adam/_DSC1804.tif,4,4,4,3,1,4,3104,3272,2725,2893
/Volumes/Mark-Banfield/Josh_Williams/Scoring_5May/Adam/_DSC1804.tif,4,4,4,3,2,0,2970,3168,2861,3059
/Volumes/Mark-Banfield/Josh_Williams/Scoring_5May/Adam/_DSC1804.tif,4,4,4,3,3,6,2956,3144,3040,3228
/Volumes/Mark-Banfield/Josh_Williams/Scoring_5May/Adam/_DSC1804.tif,4,4,4,3,4,0,3024,3208,3213,3397
/Volumes/Mark-Banfield/Josh_Williams/Scoring_5May/Adam/_DSC1804.tif,4,4,4,3,5,6,3303,3481,3228,3406
/Volumes/Mark-Banfield/Josh_Williams/Scoring_5May/Adam/_DSC1804.tif,4,4,4,3,6,0,3401,3585,3044,3228
/Volumes/Mark-Banfield/Josh_Williams/Scoring_5May/Adam/_DSC1804.tif,4,4,4,3,7,6,3371,3525,2916,3070
/Volumes/Mark-Banfield/Josh_Williams/Scoring_5May/Adam/_DSC1804.tif,4,4,4,3,8,0,3236,3464,2702,2930
/Volumes/Mark-Banfield/Josh_Williams/Scoring_5May/Adam/_DSC1804.tif,4,4,4,4,1,6,3981,4135,2826,2980
/Volumes/Mark-Banfield/Josh_Williams/Scoring_5May/Adam/_DSC1804.tif,4,4,4,4,2,0,3892,4056,2973,3137
/Volumes/Mark-Banfield/Josh_Williams/Scoring_5May/Adam/_DSC1804.tif,4,4,4,4,3,6,3876,4038,3130,3292
/Volumes/Mark-Banfield/Josh_Williams/Scoring_5May/Adam/_DSC1804.tif,4,4,4,4,4,0,3927,4091,3302,3466
/Volumes/Mark-Banfield/Josh_Williams/Scoring_5May/Adam/_DSC1804.tif,4,4,4,4,5,6,4185,4339,3322,3476
/Volumes/Mark-Banfield/Josh_Williams/Scoring_5May/Adam/_DSC1804.tif,4,4,4,4,6,1,4244,4404,3133,3293
/Volumes/Mark-Banfield/Josh_Williams/Scoring_5May/Adam/_DSC1804.tif,4,4,4,4,7,6,4220,4384,2963,3127
/Volumes/Mark-Banfield/Josh_Williams/Scoring_5May/Adam/_DSC1804.tif,4,4,4,4,8,0,4184,4348,2819,2983
/Volumes/Mark-Banfield/Josh_Williams/Scoring_5May/Adam/DSC_0211.TIF,3,3,1,1,1,1,614,844,975,1205
/Volumes/Mark-Banfield/Josh_Williams/Scoring_5May/Adam/DSC_0211.TIF,3,3,1,1,2,5,488,744,1176,1432
/Volumes/Mark-Banfield/Josh_Williams/Scoring_5May/Adam/DSC_0211.TIF,3,3,1,1,3,0,514,744,1435,1665
/Volumes/Mark-Banfield/Josh_Williams/Scoring_5May/Adam/DSC_0211.TIF,3,3,1,1,4,0,1060,1272,1435,1647
/Volumes/Mark-Banfield/Josh_Williams/Scoring_5May/Adam/DSC_0211.TIF,3,3,1,1,5,1,948,1140,1314,1506
/Volumes/Mark-Banfield/Josh_Williams/Scoring_5May/Adam/DSC_0211.TIF,3,3,1,1,6,0,942,1192,1031,1281
/Volumes/Mark-Banfield/Josh_Williams/Scoring_5May/Adam/DSC_0211.TIF,3,3,1,3,3,0,2151,2387,1416,1652
/Volumes/Mark-Banfield/Josh_Williams/Scoring_5May/Adam/DSC_0211.TIF,3,3,1,3,4,2,2700,2996,1472,1768
/Volumes/Mark-Banfield/Josh_Williams/Scoring_5May/Adam/DSC_0211.TIF,3,3,2,2,1,2,1534,1726,2047,2239
/Volumes/Mark-Banfield/Josh_Williams/Scoring_5May/Adam/DSC_0211.TIF,3,3,2,2,6,4,1764,1950,2064,2250
/Volumes/Mark-Banfield/Josh_Williams/Scoring_5May/Adam/DSC_0211.TIF,3,3,3,1,2,2,745,1021,3720,3996
/Volumes/Mark-Banfield/Josh_Williams/Scoring_5May/Adam/DSC_0211.TIF,3,3,3,1,5,4,1244,1528,3712,3996
/Volumes/Mark-Banfield/Josh_Williams/Scoring_5May/Adam/DSC_0211.TIF,3,3,3,3,3,5,2232,2522,4114,4404
/Volumes/Mark-Banfield/Josh_Williams/Scoring_5May/Adam/DSC_0211.TIF,3,3,3,3,4,3,2766,3062,4120,4416
/Volumes/Mark-Banfield/Josh_Williams/Scoring_5May/Adam/DSC_3612.tif,3,3,1,2,1,4,1376,1692,528,844
/Volumes/Mark-Banfield/Josh_Williams/Scoring_5May/Adam/DSC_3612.tif,3,3,1,2,2,3,1229,1571,844,1186
/Volumes/Mark-Banfield/Josh_Williams/Scoring_5May/Adam/DSC_3612.tif,3,3,1,2,3,2,1244,1686,1186,1628
/Volumes/Mark-Banfield/Josh_Williams/Scoring_5May/Adam/DSC_3612.tif,3,3,2,1,1,4,668,972,1646,1950
/Volumes/Mark-Banfield/Josh_Williams/Scoring_5May/Adam/DSC_3612.tif,3,3,2,1,2,4,563,899,1942,2278
/Volumes/Mark-Banfield/Josh_Williams/Scoring_5May/Adam/DSC_3612.tif,3,3,2,3,4,4,2374,2722,2384,2732
/Volumes/Mark-Banfield/Josh_Williams/Scoring_5May/Adam/DSC_3612.tif,3,3,2,3,5,4,2456,2698,2068,2310
/Volumes/Mark-Banfield/Josh_Williams/Scoring_5May/Adam/DSC_3612.tif,3,3,2,3,6,5,2358,2640,1789,2071
/Volumes/Mark-Banfield/Josh_Williams/Scoring_5May/Adam/DSC_3612.tif,3,3,3,1,4,5,1086,1448,3617,3979
/Volumes/Mark-Banfield/Josh_Williams/Scoring_5May/Adam/DSC_3612.tif,3,3,3,1,5,5,1106,1422,3298,3614
/Volumes/Mark-Banfield/Josh_Williams/Scoring_5May/Adam/DSC_3612.tif,3,3,3,1,6,6,1014,1304,3034,3324
/Volumes/Mark-Banfield/Josh_Williams/Scoring_5May/Adam/DSC_3612.tif,3,3,3,3,1,3,1989,2265,3166,3442
/Volumes/Mark-Banfield/Josh_Williams/Scoring_5May/Adam/DSC_3612.tif,3,3,3,3,2,2,1706,2028,3391,3713
/Volumes/Mark-Banfield/Josh_Williams/Scoring_5May/Adam/DSC_3614.tif,3,3,1,2,4,6,1850,2192,1275,1617
/Volumes/Mark-Banfield/Josh_Williams/Scoring_5May/Adam/DSC_3614.tif,3,3,1,2,5,6,1909,2219,902,1212
/Volumes/Mark-Banfield/Josh_Williams/Scoring_5May/Adam/DSC_3614.tif,3,3,1,2,6,6,1798,2014,683,899
/Volumes/Mark-Banfield/Josh_Williams/Scoring_5May/Adam/DSC_3614.tif,3,3,2,1,4,4,1022,1384,2173,2535
/Volumes/Mark-Banfield/Josh_Williams/Scoring_5May/Adam/DSC_3614.tif,3,3,2,1,5,5,1074,1350,1890,2166
/Volumes/Mark-Banfield/Josh_Williams/Scoring_5May/Adam/DSC_3614.tif,3,3,2,1,6,6,1001,1251,1620,1870
/Volumes/Mark-Banfield/Josh_Williams/Scoring_5May/Adam/DSC_3614.tif,3,3,2,3,1,6,2088,2364,1597,1873
/Volumes/Mark-Banfield/Josh_Williams/Scoring_5May/Adam/DSC_3614.tif,3,3,2,3,2,6,1919,2221,1824,2126
/Volumes/Mark-Banfield/Josh_Williams/Scoring_5May/Adam/DSC_3614.tif,3,3,2,3,3,6,1884,2324,2140,2580
/Volumes/Mark-Banfield/Josh_Williams/Scoring_5May/Adam/DSC_3614.tif,3,3,3,1,4,6,1170,1504,3470,3804
/Volumes/Mark-Banfield/Josh_Williams/Scoring_5May/Adam/DSC_3614.tif,3,3,3,1,5,6,1218,1540,3157,3479
/Volumes/Mark-Banfield/Josh_Williams/Scoring_5May/Adam/DSC_3614.tif,3,3,3,1,6,6,1097,1367,2910,3180
/Volumes/Mark-Banfield/Josh_Williams/Scoring_5May/Adam/DSC_3614.tif,3,3,3,3,1,6,1818,2160,2959,3301
/Volumes/Mark-Banfield/Josh_Williams/Scoring_5May/Adam/DSC_3614.tif,3,3,3,3,2,6,1738,2100,3325,3687
/Volumes/Mark-Banfield/Josh_Williams/Scoring_5May/Adam/DSC_3614.tif,3,3,3,3,3,6,1876,2226,3656,4006
/Volumes/Mark-Banfield/Josh_Williams/Scoring_5May/Adam/DSC_9234.TIF,3,3,1,1,2,0,510,786,470,746
/Volumes/Mark-Banfield/Josh_Williams/Scoring_5May/Adam/DSC_9234.TIF,3,3,1,1,5,4,1158,1420,530,792
/Volumes/Mark-Banfield/Josh_Williams/Scoring_5May/Adam/DSC_9234.TIF,3,3,1,3,2,4,3330,3624,498,792
/Volumes/Mark-Banfield/Josh_Williams/Scoring_5May/Adam/DSC_9234.TIF,3,3,1,3,5,1,3934,4268,497,831
/Volumes/Mark-Banfield/Josh_Williams/Scoring_5May/Adam/DSC_9234.TIF,3,3,2,2,2,4,1880,2178,1171,1469
/Volumes/Mark-Banfield/Josh_Williams/Scoring_5May/Adam/DSC_9234.TIF,3,3,2,2,5,0,2542,2884,1074,1416
/Volumes/Mark-Banfield/Josh_Williams/Scoring_5May/Adam/DSC_9234.TIF,3,3,3,1,2,0,776,1126,1870,2220
/Volumes/Mark-Banfield/Josh_Williams/Scoring_5May/Adam/DSC_9234.TIF,3,3,3,1,5,4,1434,1710,1935,2211
/Volumes/Mark-Banfield/Josh_Williams/Scoring_5May/Adam/DSC_9234.TIF,3,3,3,3,2,0,3212,3570,1938,2296
/Volumes/Mark-Banfield/Josh_Williams/Scoring_5May/Adam/DSC_9234.TIF,3,3,3,3,5,6,3826,4106,1959,2239
/Volumes/Mark-Banfield/Josh_Williams/Scoring_5May/Adam/DSC_9233.TIF,3,3,1,1,1,0,452,746,213,507
/Volumes/Mark-Banfield/Josh_Williams/Scoring_5May/Adam/DSC_9233.TIF,3,3,1,1,6,6,786,1048,216,478
/Volumes/Mark-Banfield/Josh_Williams/Scoring_5May/Adam/DSC_9233.TIF,3,3,1,3,1,0,3628,3934,177,483
/Volumes/Mark-Banfield/Josh_Williams/Scoring_5May/Adam/DSC_9233.TIF,3,3,1,3,6,6,4021,4289,172,440
/Volumes/Mark-Banfield/Josh_Williams/Scoring_5May/Adam/DSC_9233.TIF,3,3,2,2,2,3,1845,2117,1166,1438
/Volumes/Mark-Banfield/Josh_Williams/Scoring_5May/Adam/DSC_9233.TIF,3,3,2,2,5,0,2520,2866,1115,1461
/Volumes/Mark-Banfield/Josh_Williams/Scoring_5May/Adam/DSC_9233.TIF,3,3,3,1,2,1,552,868,1877,2193
/Volumes/Mark-Banfield/Josh_Williams/Scoring_5May/Adam/DSC_9233.TIF,3,3,3,1,5,0,1302,1640,1847,2185
/Volumes/Mark-Banfield/Josh_Williams/Scoring_5May/Adam/DSC_9233.TIF,3,3,3,3,1,0,3186,3522,1640,1976
/Volumes/Mark-Banfield/Josh_Williams/Scoring_5May/Adam/DSC_9233.TIF,3,3,3,3,6,4,3517,3863,1500,1846
/Volumes/Mark-Banfield/Josh_Williams/Scoring_5May/Adam/DSC_0113.TIF,3,3,1,1,3,3,149,465,928,1244
/Volumes/Mark-Banfield/Josh_Williams/Scoring_5May/Adam/DSC_0113.TIF,3,3,1,1,4,0,890,1238,899,1247
/Volumes/Mark-Banfield/Josh_Williams/Scoring_5May/Adam/DSC_0113.TIF,3,3,1,3,5,0,2680,3042,603,965
/Volumes/Mark-Banfield/Josh_Williams/Scoring_5May/Adam/DSC_0113.TIF,3,3,2,2,1,0,1275,1531,1502,1758
/Volumes/Mark-Banfield/Josh_Williams/Scoring_5May/Adam/DSC_0113.TIF,3,3,2,2,4,2,1752,2022,2218,2488
/Volumes/Mark-Banfield/Josh_Williams/Scoring_5May/Adam/DSC_0113.TIF,3,3,2,2,5,3,1778,2100,1880,2202
/Volumes/Mark-Banfield/Josh_Williams/Scoring_5May/Adam/DSC_0113.TIF,3,3,2,2,6,3,1620,1896,1607,1883
/Volumes/Mark-Banfield/Josh_Williams/Scoring_5May/Adam/DSC_0113.TIF,3,3,3,1,5,3,902,1192,3272,3562
/Volumes/Mark-Banfield/Josh_Williams/Scoring_5May/Adam/DSC_0113.TIF,3,3,3,3,2,0,2106,2396,3417,3707
/Volumes/Mark-Banfield/Josh_Williams/Scoring_5May/Adam/DSC_0113.TIF,3,3,3,3,5,3,2700,3002,3505,3807
/Volumes/Mark-Banfield/Josh_Williams/Scoring_5May/Adam/_DSC0769.tif,3,3,1,2,4,1,2284,2648,1514,1878
/Volumes/Mark-Banfield/Josh_Williams/Scoring_5May/Adam/_DSC0769.tif,3,3,1,2,5,3,2224,2536,1168,1480
/Volumes/Mark-Banfield/Josh_Williams/Scoring_5May/Adam/_DSC0769.tif,3,3,1,2,6,4,2210,2478,875,1143
/Volumes/Mark-Banfield/Josh_Williams/Scoring_5May/Adam/_DSC0769.tif,3,3,2,1,1,3,1161,1413,2284,2536
/Volumes/Mark-Banfield/Josh_Williams/Scoring_5May/Adam/_DSC0769.tif,3,3,2,1,2,4,986,1262,2492,2768
/Volumes/Mark-Banfield/Josh_Williams/Scoring_5May/Adam/_DSC0769.tif,3,3,2,1,3,3,991,1347,2790,3146
/Volumes/Mark-Banfield/Josh_Williams/Scoring_5May/Adam/_DSC0769.tif,3,3,2,3,4,4,2935,3387,2954,3406
/Volumes/Mark-Banfield/Josh_Williams/Scoring_5May/Adam/_DSC0769.tif,3,3,2,3,5,5,3005,3317,2656,2968
/Volumes/Mark-Banfield/Josh_Williams/Scoring_5May/Adam/_DSC0769.tif,3,3,2,3,6,5,2935,3209,2336,2610
/Volumes/Mark-Banfield/Josh_Williams/Scoring_5May/Adam/_DSC0769.tif,3,3,3,1,1,6,872,1190,3821,4139
/Volumes/Mark-Banfield/Josh_Williams/Scoring_5May/Adam/_DSC0769.tif,3,3,3,1,2,5,708,1042,4102,4436
/Volumes/Mark-Banfield/Josh_Williams/Scoring_5May/Adam/_DSC0769.tif,3,3,3,1,3,5,688,1046,4440,4798
/Volumes/Mark-Banfield/Josh_Williams/Scoring_5May/Adam/_DSC0769.tif,3,3,3,3,4,0,2864,3400,4410,4946
/Volumes/Mark-Banfield/Josh_Williams/Scoring_5May/Adam/_DSC0769.tif,3,3,3,3,5,4,2878,3220,4128,4470
/Volumes/Mark-Banfield/Josh_Williams/Scoring_5May/Adam/_DSC0769.tif,3,3,3,3,6,3,2848,3132,3856,4140
/Volumes/Mark-Banfield/Josh_Williams/Scoring_5May/Adam/DSC_9236.TIF,3,3,1,1,2,4,430,728,492,790
/Volumes/Mark-Banfield/Josh_Williams/Scoring_5May/Adam/DSC_9236.TIF,3,3,1,1,5,5,1162,1424,530,792
/Volumes/Mark-Banfield/Josh_Williams/Scoring_5May/Adam/DSC_9236.TIF,3,3,1,3,2,3,3558,3860,407,709
/Volumes/Mark-Banfield/Josh_Williams/Scoring_5May/Adam/DSC_9236.TIF,3,3,1,3,5,4,4172,4452,531,811
/Volumes/Mark-Banfield/Josh_Williams/Scoring_5May/Adam/DSC_9236.TIF,3,3,2,2,2,3,1940,2220,1074,1354
/Volumes/Mark-Banfield/Josh_Williams/Scoring_5May/Adam/DSC_9236.TIF,3,3,2,2,5,4,2564,2840,1096,1372
/Volumes/Mark-Banfield/Josh_Williams/Scoring_5May/Adam/DSC_9236.TIF,3,3,3,1,1,4,914,1172,1552,1810
/Volumes/Mark-Banfield/Josh_Williams/Scoring_5May/Adam/DSC_9236.TIF,3,3,3,1,6,3,1184,1476,1592,1884
/Volumes/Mark-Banfield/Josh_Williams/Scoring_5May/Adam/DSC_9236.TIF,3,3,3,3,2,3,3170,3460,1796,2086
/Volumes/Mark-Banfield/Josh_Williams/Scoring_5May/Adam/DSC_9236.TIF,3,3,3,3,5,6,3885,4121,1806,2042
/Volumes/Mark-Banfield/Josh_Williams/Scoring_5May/Adam/_DSC0771.tif,3,3,1,2,1,6,1503,1823,648,968
/Volumes/Mark-Banfield/Josh_Williams/Scoring_5May/Adam/_DSC0771.tif,3,3,1,2,2,4,1340,1660,957,1277
/Volumes/Mark-Banfield/Josh_Williams/Scoring_5May/Adam/_DSC0771.tif,3,3,1,2,3,5,1444,1830,1310,1696
/Volumes/Mark-Banfield/Josh_Williams/Scoring_5May/Adam/_DSC0771.tif,3,3,2,1,1,4,774,1020,2083,2329
/Volumes/Mark-Banfield/Josh_Williams/Scoring_5May/Adam/_DSC0771.tif,3,3,2,1,2,4,648,886,2344,2582
/Volumes/Mark-Banfield/Josh_Williams/Scoring_5May/Adam/_DSC0771.tif,3,3,2,1,3,4,730,1028,2599,2897
/Volumes/Mark-Banfield/Josh_Williams/Scoring_5May/Adam/_DSC0771.tif,3,3,2,3,4,4,2897,3247,2760,3110
/Volumes/Mark-Banfield/Josh_Williams/Scoring_5May/Adam/_DSC0771.tif,3,3,2,3,5,5,2816,3172,2366,2722
/Volumes/Mark-Banfield/Josh_Williams/Scoring_5May/Adam/_DSC0771.tif,3,3,2,3,6,6,2760,3080,2016,2336
/Volumes/Mark-Banfield/Josh_Williams/Scoring_5May/Adam/_DSC0771.tif,3,3,3,1,1,5,826,1124,3622,3920
/Volumes/Mark-Banfield/Josh_Williams/Scoring_5May/Adam/_DSC0771.tif,3,3,3,1,2,5,700,1042,3886,4228
/Volumes/Mark-Banfield/Josh_Williams/Scoring_5May/Adam/_DSC0771.tif,3,3,3,1,3,6,782,1056,4222,4496
/Volumes/Mark-Banfield/Josh_Williams/Scoring_5May/Adam/_DSC0771.tif,3,3,3,3,4,4,2834,3220,4292,4678
/Volumes/Mark-Banfield/Josh_Williams/Scoring_5May/Adam/_DSC0771.tif,3,3,3,3,5,5,2834,3168,3961,4295
/Volumes/Mark-Banfield/Josh_Williams/Scoring_5May/Adam/_DSC0771.tif,3,3,3,3,6,5,2760,3058,3700,3998
/Volumes/Mark-Banfield/Josh_Williams/Scoring_5May/Adam/_DSC0766.tif,3,3,1,2,1,6,1909,2139,886,1116
/Volumes/Mark-Banfield/Josh_Williams/Scoring_5May/Adam/_DSC0766.tif,3,3,1,2,2,6,1666,2008,1131,1473
/Volumes/Mark-Banfield/Josh_Williams/Scoring_5May/Adam/_DSC0766.tif,3,3,1,2,3,6,1682,2002,1503,1823
/Volumes/Mark-Banfield/Josh_Williams/Scoring_5May/Adam/_DSC0766.tif,3,3,2,1,4,6,1276,1640,2752,3116
/Volumes/Mark-Banfield/Josh_Williams/Scoring_5May/Adam/_DSC0766.tif,3,3,2,1,5,6,1450,1742,2439,2731
/Volumes/Mark-Banfield/Josh_Williams/Scoring_5May/Adam/_DSC0766.tif,3,3,2,1,6,6,1354,1644,2120,2410
/Volumes/Mark-Banfield/Josh_Williams/Scoring_5May/Adam/_DSC0766.tif,3,3,2,3,1,6,2439,2723,2320,2604
/Volumes/Mark-Banfield/Josh_Williams/Scoring_5May/Adam/_DSC0766.tif,3,3,2,3,2,5,2276,2596,2626,2946
/Volumes/Mark-Banfield/Josh_Williams/Scoring_5May/Adam/_DSC0766.tif,3,3,2,3,3,4,2354,2696,2960,3302
/Volumes/Mark-Banfield/Josh_Williams/Scoring_5May/Adam/_DSC0766.tif,3,3,3,1,4,5,1340,1644,4481,4785
/Volumes/Mark-Banfield/Josh_Williams/Scoring_5May/Adam/_DSC0766.tif,3,3,3,1,5,6,1324,1644,4147,4467
/Volumes/Mark-Banfield/Josh_Williams/Scoring_5May/Adam/_DSC0766.tif,3,3,3,1,6,6,1372,1670,3800,4098
/Volumes/Mark-Banfield/Josh_Williams/Scoring_5May/Adam/_DSC0766.tif,3,3,3,3,4,5,2848,3132,4574,4858
/Volumes/Mark-Banfield/Josh_Williams/Scoring_5May/Adam/_DSC0766.tif,3,3,3,3,5,5,2878,3184,4250,4556
/Volumes/Mark-Banfield/Josh_Williams/Scoring_5May/Adam/_DSC0766.tif,3,3,3,3,6,4,2848,3110,3990,4252
/Volumes/Mark-Banfield/Josh_Williams/Scoring_5May/Adam/_DSC1157.TIF,3,3,1,2,1,6,1793,2113,372,692
/Volumes/Mark-Banfield/Josh_Williams/Scoring_5May/Adam/_DSC1157.TIF,3,3,1,2,4,4,2172,2574,1206,1608
/Volumes/Mark-Banfield/Josh_Williams/Scoring_5May/Adam/_DSC1157.TIF,3,3,1,2,5,6,2136,2514,786,1164
/Volumes/Mark-Banfield/Josh_Williams/Scoring_5May/Adam/_DSC1157.TIF,3,3,1,2,6,6,2076,2440,410,774
/Volumes/Mark-Banfield/Josh_Williams/Scoring_5May/Adam/_DSC1157.TIF,3,3,2,1,2,6,655,975,2060,2380
/Volumes/Mark-Banfield/Josh_Williams/Scoring_5May/Adam/_DSC1157.TIF,3,3,2,1,4,3,1318,1704,2489,2875
/Volumes/Mark-Banfield/Josh_Williams/Scoring_5May/Adam/_DSC1157.TIF,3,3,2,1,5,6,1247,1603,2150,2506
/Volumes/Mark-Banfield/Josh_Williams/Scoring_5May/Adam/_DSC1157.TIF,3,3,2,1,6,4,1128,1432,1794,2098
/Volumes/Mark-Banfield/Josh_Williams/Scoring_5May/Adam/_DSC1157.TIF,3,3,2,3,2,6,2366,2670,2352,2656
/Volumes/Mark-Banfield/Josh_Williams/Scoring_5May/Adam/_DSC1157.TIF,3,3,2,3,4,4,2902,3258,2664,3020
/Volumes/Mark-Banfield/Josh_Williams/Scoring_5May/Adam/_DSC1157.TIF,3,3,2,3,5,6,2856,3162,2306,2612
/Volumes/Mark-Banfield/Josh_Williams/Scoring_5May/Adam/_DSC1157.TIF,3,3,2,3,6,6,2744,3094,1990,2340
/Volumes/Mark-Banfield/Josh_Williams/Scoring_5May/Adam/_DSC1157.TIF,3,3,3,1,2,4,834,1176,3875,4217
/Volumes/Mark-Banfield/Josh_Williams/Scoring_5May/Adam/_DSC1157.TIF,3,3,3,1,4,5,1384,1712,4157,4485
/Volumes/Mark-Banfield/Josh_Williams/Scoring_5May/Adam/_DSC1157.TIF,3,3,3,1,5,5,1324,1652,3797,4125
/Volumes/Mark-Banfield/Josh_Williams/Scoring_5May/Adam/_DSC1157.TIF,3,3,3,1,6,4,1228,1578,3485,3835
/Volumes/Mark-Banfield/Josh_Williams/Scoring_5May/Adam/_DSC1157.TIF,3,3,3,3,1,6,2478,2790,3608,3920
/Volumes/Mark-Banfield/Josh_Williams/Scoring_5May/Adam/_DSC1157.TIF,3,3,3,3,4,3,2890,3202,4388,4700
/Volumes/Mark-Banfield/Josh_Williams/Scoring_5May/Adam/_DSC1157.TIF,3,3,3,3,5,6,2852,3194,3956,4298
/Volumes/Mark-Banfield/Josh_Williams/Scoring_5May/Adam/_DSC1157.TIF,3,3,3,3,6,5,2752,3020,3659,3927
/Volumes/Mark-Banfield/Josh_Williams/Scoring_5May/Adam/_DSC9857.tif,1,4,1,1,2,0,392,710,1054,1372
/Volumes/Mark-Banfield/Josh_Williams/Scoring_5May/Adam/_DSC9857.tif,1,4,1,1,3,3,197,509,1488,1800
/Volumes/Mark-Banfield/Josh_Williams/Scoring_5May/Adam/_DSC9857.tif,1,4,1,1,4,0,199,561,1874,2236
/Volumes/Mark-Banfield/Josh_Williams/Scoring_5May/Adam/_DSC9857.tif,1,4,1,1,5,2,800,1116,1668,1984
/Volumes/Mark-Banfield/Josh_Williams/Scoring_5May/Adam/_DSC9857.tif,1,4,1,2,1,0,690,992,1323,1625
/Volumes/Mark-Banfield/Josh_Williams/Scoring_5May/Adam/_DSC9857.tif,1,4,1,2,2,0,1856,2122,1025,1291
/Volumes/Mark-Banfield/Josh_Williams/Scoring_5May/Adam/_DSC9857.tif,1,4,1,2,3,1,1739,2045,1340,1646
/Volumes/Mark-Banfield/Josh_Williams/Scoring_5May/Adam/_DSC9857.tif,1,4,1,2,4,0,1659,1977,1706,2024
/Volumes/Mark-Banfield/Josh_Williams/Scoring_5May/Adam/_DSC9857.tif,1,4,1,2,5,2,2213,2497,1542,1826
/Volumes/Mark-Banfield/Josh_Williams/Scoring_5May/Adam/_DSC9857.tif,1,4,1,3,1,0,2168,2480,1233,1545
/Volumes/Mark-Banfield/Josh_Williams/Scoring_5May/Adam/_DSC9857.tif,1,4,1,3,2,0,3262,3536,1009,1283
/Volumes/Mark-Banfield/Josh_Williams/Scoring_5May/Adam/_DSC9857.tif,1,4,1,3,3,0,3144,3446,1285,1587
/Volumes/Mark-Banfield/Josh_Williams/Scoring_5May/Adam/_DSC9857.tif,1,4,1,3,4,2,3124,3456,1602,1934
/Volumes/Mark-Banfield/Josh_Williams/Scoring_5May/Adam/_DSC9857.tif,1,4,1,3,5,0,3651,3969,1498,1816
/Volumes/Mark-Banfield/Josh_Williams/Scoring_5May/Adam/_DSC9857.tif,1,4,1,4,1,5,3644,3922,1178,1456
/Volumes/Mark-Banfield/Josh_Williams/Scoring_5May/Adam/_DSC9857.tif,1,4,1,4,2,0,4468,4794,983,1309
/Volumes/Mark-Banfield/Josh_Williams/Scoring_5May/Adam/_DSC9857.tif,1,4,1,4,3,0,4296,4634,1334,1672
/Volumes/Mark-Banfield/Josh_Williams/Scoring_5May/Adam/_DSC9857.tif,1,4,1,4,4,0,4415,4807,1646,2038
/Volumes/Mark-Banfield/Josh_Williams/Scoring_5May/Adam/_DSC9857.tif,1,4,1,4,5,0,4951,5333,1454,1836
/Volumes/Mark-Banfield/Josh_Williams/Scoring_5May/Adam/DSC_0207.TIF,3,3,1,1,1,6,649,919,706,976
/Volumes/Mark-Banfield/Josh_Williams/Scoring_5May/Adam/DSC_0207.TIF,3,3,1,1,5,6,887,1163,1034,1310
/Volumes/Mark-Banfield/Josh_Williams/Scoring_5May/Adam/DSC_0207.TIF,3,3,1,3,2,6,2137,2367,1180,1410
/Volumes/Mark-Banfield/Josh_Williams/Scoring_5May/Adam/DSC_0207.TIF,3,3,1,3,4,6,2608,2838,1439,1669
/Volumes/Mark-Banfield/Josh_Williams/Scoring_5May/Adam/DSC_0207.TIF,3,3,1,3,5,6,2522,2778,1173,1429
/Volumes/Mark-Banfield/Josh_Williams/Scoring_5May/Adam/DSC_0207.TIF,3,3,1,3,6,6,2502,2752,919,1169
/Volumes/Mark-Banfield/Josh_Williams/Scoring_5May/Adam/DSC_0207.TIF,3,3,2,2,2,6,1364,1560,2358,2554
/Volumes/Mark-Banfield/Josh_Williams/Scoring_5May/Adam/DSC_0207.TIF,3,3,2,2,3,6,1330,1548,2554,2772
/Volumes/Mark-Banfield/Josh_Williams/Scoring_5May/Adam/DSC_0207.TIF,3,3,2,2,4,6,1728,1998,2528,2798
/Volumes/Mark-Banfield/Josh_Williams/Scoring_5May/Adam/DSC_0207.TIF,3,3,2,2,5,6,1754,1986,2330,2562
/Volumes/Mark-Banfield/Josh_Williams/Scoring_5May/Adam/DSC_0207.TIF,3,3,2,2,6,6,1670,1900,2114,2344
/Volumes/Mark-Banfield/Josh_Williams/Scoring_5May/Adam/DSC_0207.TIF,3,3,3,1,1,6,709,979,3416,3686
/Volumes/Mark-Banfield/Josh_Williams/Scoring_5May/Adam/DSC_0207.TIF,3,3,3,1,2,6,640,902,3749,4011
/Volumes/Mark-Banfield/Josh_Williams/Scoring_5May/Adam/DSC_0207.TIF,3,3,3,1,3,6,554,836,4026,4308
/Volumes/Mark-Banfield/Josh_Williams/Scoring_5May/Adam/DSC_0207.TIF,3,3,3,1,6,5,999,1307,3358,3666
/Volumes/Mark-Banfield/Josh_Williams/Scoring_5May/Adam/DSC_0207.TIF,3,3,3,3,2,5,2269,2491,3786,4008
/Volumes/Mark-Banfield/Josh_Williams/Scoring_5May/Adam/DSC_0207.TIF,3,3,3,3,4,4,2692,2916,4097,4321
/Volumes/Mark-Banfield/Josh_Williams/Scoring_5May/Adam/DSC_0207.TIF,3,3,3,3,5,6,2680,2936,3802,4058
/Volumes/Mark-Banfield/Josh_Williams/Scoring_5May/Adam/DSC_0207.TIF,3,3,3,3,6,5,2578,2820,3536,3778
/Volumes/Mark-Banfield/Josh_Williams/Scoring_5May/Adam/_DSC1335.TIF,3,3,1,2,3,3,1488,1852,878,1242
/Volumes/Mark-Banfield/Josh_Williams/Scoring_5May/Adam/_DSC1335.TIF,3,3,1,2,4,2,2120,2462,890,1232
/Volumes/Mark-Banfield/Josh_Williams/Scoring_5May/Adam/_DSC1335.TIF,3,3,2,1,2,1,552,960,2091,2499
/Volumes/Mark-Banfield/Josh_Williams/Scoring_5May/Adam/_DSC1335.TIF,3,3,2,1,5,5,1439,1819,1956,2336
/Volumes/Mark-Banfield/Josh_Williams/Scoring_5May/Adam/_DSC1335.TIF,3,3,2,3,2,3,2268,2558,2350,2640
/Volumes/Mark-Banfield/Josh_Williams/Scoring_5May/Adam/_DSC1335.TIF,3,3,2,3,5,5,2946,3302,2251,2607
/Volumes/Mark-Banfield/Josh_Williams/Scoring_5May/Adam/_DSC1335.TIF,3,3,3,1,1,4,752,1138,3485,3871
/Volumes/Mark-Banfield/Josh_Williams/Scoring_5May/Adam/_DSC1335.TIF,3,3,3,1,6,1,1227,1547,3428,3748
/Volumes/Mark-Banfield/Josh_Williams/Scoring_5May/Adam/_DSC1335.TIF,3,3,3,3,3,4,2206,2660,4336,4790
/Volumes/Mark-Banfield/Josh_Williams/Scoring_5May/Adam/_DSC1335.TIF,3,3,3,3,4,2,2842,3266,4270,4694
/Volumes/Mark-Banfield/Josh_Williams/Scoring_5May/Adam/_DSC9259.tif,3,4,1,1,1,4,1335,1557,284,506
/Volumes/Mark-Banfield/Josh_Williams/Scoring_5May/Adam/_DSC9259.tif,3,4,1,1,2,2,1260,1498,529,767
/Volumes/Mark-Banfield/Josh_Williams/Scoring_5May/Adam/_DSC9259.tif,3,4,1,1,3,0,1304,1504,799,999
/Volumes/Mark-Banfield/Josh_Williams/Scoring_5May/Adam/_DSC9259.tif,3,4,1,1,4,6,1682,1870,655,843
/Volumes/Mark-Banfield/Josh_Williams/Scoring_5May/Adam/_DSC9259.tif,3,4,1,1,5,0,1608,1860,381,633
/Volumes/Mark-Banfield/Josh_Williams/Scoring_5May/Adam/_DSC9259.tif,3,4,1,2,1,6,2231,2431,258,458
/Volumes/Mark-Banfield/Josh_Williams/Scoring_5May/Adam/_DSC9259.tif,3,4,1,2,2,4,2145,2393,448,696
/Volumes/Mark-Banfield/Josh_Williams/Scoring_5May/Adam/_DSC9259.tif,3,4,1,2,3,0,2082,2400,744,1062
/Volumes/Mark-Banfield/Josh_Williams/Scoring_5May/Adam/_DSC9259.tif,3,4,1,2,4,5,2512,2760,646,894
/Volumes/Mark-Banfield/Josh_Williams/Scoring_5May/Adam/_DSC9259.tif,3,4,1,2,5,0,2454,2748,258,552
/Volumes/Mark-Banfield/Josh_Williams/Scoring_5May/Adam/_DSC9259.tif,3,4,1,3,1,0,3188,3396,234,442
/Volumes/Mark-Banfield/Josh_Williams/Scoring_5May/Adam/_DSC9259.tif,3,4,1,3,2,4,3138,3352,459,673
/Volumes/Mark-Banfield/Josh_Williams/Scoring_5May/Adam/_DSC9259.tif,3,4,1,3,3,0,3090,3372,740,1022
/Volumes/Mark-Banfield/Josh_Williams/Scoring_5May/Adam/_DSC9259.tif,3,4,1,3,4,0,3536,3838,537,839
/Volumes/Mark-Banfield/Josh_Williams/Scoring_5May/Adam/_DSC9259.tif,3,4,1,3,5,6,3441,3705,268,532
/Volumes/Mark-Banfield/Josh_Williams/Scoring_5May/Adam/_DSC9259.tif,3,4,1,4,1,0,4175,4367,304,496
/Volumes/Mark-Banfield/Josh_Williams/Scoring_5May/Adam/_DSC9259.tif,3,4,1,4,2,6,4096,4294,494,692
/Volumes/Mark-Banfield/Josh_Williams/Scoring_5May/Adam/_DSC9259.tif,3,4,1,4,3,2,4135,4355,704,924
/Volumes/Mark-Banfield/Josh_Williams/Scoring_5May/Adam/_DSC9259.tif,3,4,1,4,4,0,4438,4706,620,888
/Volumes/Mark-Banfield/Josh_Williams/Scoring_5May/Adam/_DSC9259.tif,3,4,1,4,5,6,4408,4612,375,579
/Volumes/Mark-Banfield/Josh_Williams/Scoring_5May/Adam/_DSC9259.tif,3,4,2,1,1,6,1283,1465,1390,1572
/Volumes/Mark-Banfield/Josh_Williams/Scoring_5May/Adam/_DSC9259.tif,3,4,2,1,2,0,1186,1414,1578,1806
/Volumes/Mark-Banfield/Josh_Williams/Scoring_5May/Adam/_DSC9259.tif,3,4,2,1,3,2,1132,1374,1833,2075
/Volumes/Mark-Banfield/Josh_Williams/Scoring_5May/Adam/_DSC9259.tif,3,4,2,1,4,3,1567,1795,1732,1960
/Volumes/Mark-Banfield/Josh_Williams/Scoring_5May/Adam/_DSC9259.tif,3,4,2,1,5,0,1508,1736,1464,1692
/Volumes/Mark-Banfield/Josh_Williams/Scoring_5May/Adam/_DSC9259.tif,3,4,2,2,1,6,2231,2405,1434,1608
/Volumes/Mark-Banfield/Josh_Williams/Scoring_5May/Adam/_DSC9259.tif,3,4,2,2,2,0,2172,2370,1578,1776
/Volumes/Mark-Banfield/Josh_Williams/Scoring_5May/Adam/_DSC9259.tif,3,4,2,2,3,2,2165,2369,1780,1984
/Volumes/Mark-Banfield/Josh_Williams/Scoring_5May/Adam/_DSC9259.tif,3,4,2,2,4,1,2450,2688,1771,2009
/Volumes/Mark-Banfield/Josh_Williams/Scoring_5May/Adam/_DSC9259.tif,3,4,2,2,5,0,2440,2658,1532,1750
/Volumes/Mark-Banfield/Josh_Williams/Scoring_5May/Adam/_DSC9259.tif,3,4,2,3,1,0,3168,3396,1375,1603
/Volumes/Mark-Banfield/Josh_Williams/Scoring_5May/Adam/_DSC9259.tif,3,4,2,3,2,4,3044,3308,1609,1873
/Volumes/Mark-Banfield/Josh_Williams/Scoring_5May/Adam/_DSC9259.tif,3,4,2,3,3,0,3102,3390,1874,2162
/Volumes/Mark-Banfield/Josh_Williams/Scoring_5May/Adam/_DSC9259.tif,3,4,2,3,4,3,3518,3796,1726,2004
/Volumes/Mark-Banfield/Josh_Williams/Scoring_5May/Adam/_DSC9259.tif,3,4,2,3,5,4,3468,3732,1418,1682
/Volumes/Mark-Banfield/Josh_Williams/Scoring_5May/Adam/_DSC9259.tif,3,4,2,4,1,0,4184,4418,1258,1492
/Volumes/Mark-Banfield/Josh_Williams/Scoring_5May/Adam/_DSC9259.tif,3,4,2,4,2,4,4002,4250,1517,1765
/Volumes/Mark-Banfield/Josh_Williams/Scoring_5May/Adam/_DSC9259.tif,3,4,2,4,3,0,4076,4338,1756,2018
/Volumes/Mark-Banfield/Josh_Williams/Scoring_5May/Adam/_DSC9259.tif,3,4,2,4,4,4,4497,4731,1626,1860
/Volumes/Mark-Banfield/Josh_Williams/Scoring_5May/Adam/_DSC9259.tif,3,4,2,4,5,4,4482,4696,1404,1618
/Volumes/Mark-Banfield/Josh_Williams/Scoring_5May/Adam/_DSC9259.tif,3,4,3,2,1,1,2078,2306,2544,2772
/Volumes/Mark-Banfield/Josh_Williams/Scoring_5May/Adam/_DSC9259.tif,3,4,3,2,2,0,1981,2225,2826,3070
/Volumes/Mark-Banfield/Josh_Williams/Scoring_5May/Adam/_DSC9259.tif,3,4,3,2,3,3,1954,2232,3166,3444
/Volumes/Mark-Banfield/Josh_Williams/Scoring_5May/Adam/_DSC9259.tif,3,4,3,2,4,0,2381,2733,2966,3318
/Volumes/Mark-Banfield/Josh_Williams/Scoring_5May/Adam/_DSC9259.tif,3,4,3,2,5,2,2360,2598,2646,2884
/Volumes/Mark-Banfield/Josh_Williams/Scoring_5May/Adam/_DSC9259.tif,3,4,3,3,1,2,3090,3332,2550,2792
/Volumes/Mark-Banfield/Josh_Williams/Scoring_5May/Adam/_DSC9259.tif,3,4,3,3,2,0,2966,3268,2782,3084
/Volumes/Mark-Banfield/Josh_Williams/Scoring_5May/Adam/_DSC9259.tif,3,4,3,3,3,3,2968,3270,3130,3432
/Volumes/Mark-Banfield/Josh_Williams/Scoring_5May/Adam/_DSC9259.tif,3,4,3,3,4,0,3445,3751,2892,3198
/Volumes/Mark-Banfield/Josh_Williams/Scoring_5May/Adam/_DSC9259.tif,3,4,3,3,5,2,3384,3642,2578,2836
/Volumes/Mark-Banfield/Josh_Williams/Scoring_5May/Adam/_DSC1159.TIF,3,3,1,2,3,3,1584,1964,867,1247
/Volumes/Mark-Banfield/Josh_Williams/Scoring_5May/Adam/_DSC1159.TIF,3,3,1,2,4,5,2374,2722,957,1305
/Volumes/Mark-Banfield/Josh_Williams/Scoring_5May/Adam/_DSC1159.TIF,3,3,1,2,5,1,2325,2659,648,982
/Volumes/Mark-Banfield/Josh_Williams/Scoring_5May/Adam/_DSC1159.TIF,3,3,1,2,6,2,2224,2610,261,647
/Volumes/Mark-Banfield/Josh_Williams/Scoring_5May/Adam/_DSC1159.TIF,3,3,2,1,1,3,804,1138,1381,1715
/Volumes/Mark-Banfield/Josh_Williams/Scoring_5May/Adam/_DSC1159.TIF,3,3,2,1,6,5,1217,1567,1384,1734
/Volumes/Mark-Banfield/Josh_Williams/Scoring_5May/Adam/_DSC1159.TIF,3,3,2,3,1,3,2433,2775,1614,1956
/Volumes/Mark-Banfield/Josh_Williams/Scoring_5May/Adam/_DSC1159.TIF,3,3,2,3,6,5,2752,3064,1652,1964
/Volumes/Mark-Banfield/Josh_Williams/Scoring_5May/Adam/_DSC1159.TIF,3,3,3,1,2,2,722,1132,3615,4025
/Volumes/Mark-Banfield/Josh_Williams/Scoring_5May/Adam/_DSC1159.TIF,3,3,3,1,5,5,1310,1734,3599,4023
/Volumes/Mark-Banfield/Josh_Williams/Scoring_5May/Adam/_DSC1159.TIF,3,3,3,3,3,3,2169,2555,4314,4700
/Volumes/Mark-Banfield/Josh_Williams/Scoring_5May/Adam/_DSC1159.TIF,3,3,3,3,4,5,2872,3296,4173,4597
/Volumes/Mark-Banfield/Josh_Williams/Scoring_5May/Adam/DSC_9238.TIF,3,3,1,1,1,6,566,846,242,522
/Volumes/Mark-Banfield/Josh_Williams/Scoring_5May/Adam/DSC_9238.TIF,3,3,1,1,5,6,890,1166,231,507
/Volumes/Mark-Banfield/Josh_Williams/Scoring_5May/Adam/DSC_9238.TIF,3,3,1,2,1,4,3592,3886,261,555
/Volumes/Mark-Banfield/Josh_Williams/Scoring_5May/Adam/DSC_9238.TIF,3,3,1,2,6,4,3918,4202,242,526
/Volumes/Mark-Banfield/Josh_Williams/Scoring_5May/Adam/DSC_9238.TIF,3,3,2,1,2,3,1810,2108,1258,1556
/Volumes/Mark-Banfield/Josh_Williams/Scoring_5May/Adam/DSC_9238.TIF,3,3,2,1,5,3,2380,2682,1254,1556
/Volumes/Mark-Banfield/Josh_Williams/Scoring_5May/Adam/DSC_9238.TIF,3,3,2,3,2,3,596,850,1985,2239
/Volumes/Mark-Banfield/Josh_Williams/Scoring_5May/Adam/DSC_9238.TIF,3,3,2,3,4,4,1202,1460,1977,2235
/Volumes/Mark-Banfield/Josh_Williams/Scoring_5May/Adam/DSC_9238.TIF,3,3,3,1,3,4,3058,3344,2274,2560
/Volumes/Mark-Banfield/Josh_Williams/Scoring_5May/Adam/DSC_9238.TIF,3,3,3,1,4,5,3690,4018,2336,2664
/Volumes/Mark-Banfield/Josh_Williams/Scoring_5May/Adam/DSC_9238.TIF,3,3,3,3,3,3,3080,3418,2280,2618
/Volumes/Mark-Banfield/Josh_Williams/Scoring_5May/Adam/DSC_9238.TIF,3,3,3,3,4,5,3670,4046,2358,2734
/Volumes/Mark-Banfield/Josh_Williams/Scoring_5May/Adam/DSC_0106.TIF,3,3,1,1,4,1,1028,1364,886,1222
/Volumes/Mark-Banfield/Josh_Williams/Scoring_5May/Adam/DSC_0106.TIF,3,3,1,3,1,0,2114,2390,244,520
/Volumes/Mark-Banfield/Josh_Williams/Scoring_5May/Adam/DSC_0106.TIF,3,3,1,3,6,0,2404,2700,176,472
/Volumes/Mark-Banfield/Josh_Williams/Scoring_5May/Adam/DSC_0106.TIF,3,3,2,2,1,1,1426,1728,1476,1778
/Volumes/Mark-Banfield/Josh_Williams/Scoring_5May/Adam/DSC_0106.TIF,3,3,2,2,6,0,1732,2054,1453,1775
/Volumes/Mark-Banfield/Josh_Williams/Scoring_5May/Adam/DSC_0106.TIF,3,3,3,1,2,0,456,764,3098,3406
/Volumes/Mark-Banfield/Josh_Williams/Scoring_5May/Adam/DSC_0106.TIF,3,3,3,1,5,0,1014,1390,3130,3506
/Volumes/Mark-Banfield/Josh_Williams/Scoring_5May/Adam/DSC_0106.TIF,3,3,3,3,3,0,1936,2298,3519,3881
/Volumes/Mark-Banfield/Josh_Williams/Scoring_5May/Adam/DSC_0106.TIF,3,3,3,3,4,0,2554,2910,3608,3964
/Volumes/Mark-Banfield/Josh_Williams/Scoring_5May/Adam/DSC_9232.TIF,3,3,1,1,2,6,510,736,343,569
/Volumes/Mark-Banfield/Josh_Williams/Scoring_5May/Adam/DSC_9232.TIF,3,3,1,1,4,6,1034,1276,668,910
/Volumes/Mark-Banfield/Josh_Williams/Scoring_5May/Adam/DSC_9232.TIF,3,3,1,1,5,6,1066,1302,452,688
/Volumes/Mark-Banfield/Josh_Williams/Scoring_5May/Adam/DSC_9232.TIF,3,3,1,1,6,6,964,1214,211,461
/Volumes/Mark-Banfield/Josh_Williams/Scoring_5May/Adam/DSC_9232.TIF,3,3,1,3,1,6,3676,3922,136,382
/Volumes/Mark-Banfield/Josh_Williams/Scoring_5May/Adam/DSC_9232.TIF,3,3,1,3,2,6,3514,3790,376,652
/Volumes/Mark-Banfield/Josh_Williams/Scoring_5May/Adam/DSC_9232.TIF,3,3,1,3,3,6,3500,3808,639,947
/Volumes/Mark-Banfield/Josh_Williams/Scoring_5May/Adam/DSC_9232.TIF,3,3,1,3,4,3,4062,4360,708,1006
/Volumes/Mark-Banfield/Josh_Williams/Scoring_5May/Adam/DSC_9232.TIF,3,3,2,2,1,6,2068,2388,824,1144
/Volumes/Mark-Banfield/Josh_Williams/Scoring_5May/Adam/DSC_9232.TIF,3,3,2,2,2,6,1952,2264,1214,1526
/Volumes/Mark-Banfield/Josh_Williams/Scoring_5May/Adam/DSC_9232.TIF,3,3,2,2,3,6,1880,2192,1564,1876
/Volumes/Mark-Banfield/Josh_Williams/Scoring_5May/Adam/DSC_9232.TIF,3,3,2,2,6,3,2380,2686,794,1100
/Volumes/Mark-Banfield/Josh_Williams/Scoring_5May/Adam/DSC_9232.TIF,3,3,3,1,1,6,632,916,1622,1906
/Volumes/Mark-Banfield/Josh_Williams/Scoring_5May/Adam/DSC_9232.TIF,3,3,3,1,2,6,489,805,1862,2178
/Volumes/Mark-Banfield/Josh_Williams/Scoring_5May/Adam/DSC_9232.TIF,3,3,3,1,3,6,461,759,2186,2484
/Volumes/Mark-Banfield/Josh_Williams/Scoring_5May/Adam/DSC_9232.TIF,3,3,3,1,5,3,1062,1390,1894,2222
/Volumes/Mark-Banfield/Josh_Williams/Scoring_5May/Adam/DSC_9232.TIF,3,3,3,3,1,6,3452,3716,1658,1922
/Volumes/Mark-Banfield/Josh_Williams/Scoring_5May/Adam/DSC_9232.TIF,3,3,3,3,4,6,3904,4158,2322,2576
/Volumes/Mark-Banfield/Josh_Williams/Scoring_5May/Adam/DSC_9232.TIF,3,3,3,3,5,6,3941,4209,1946,2214
/Volumes/Mark-Banfield/Josh_Williams/Scoring_5May/Adam/DSC_9232.TIF,3,3,3,3,6,6,3785,4045,1656,1916
/Volumes/Mark-Banfield/Josh_Williams/Scoring_5May/Adam/DSC_0114.TIF,3,3,1,1,2,0,336,732,448,844
/Volumes/Mark-Banfield/Josh_Williams/Scoring_5May/Adam/DSC_0114.TIF,3,3,1,1,4,3,962,1370,843,1251
/Volumes/Mark-Banfield/Josh_Williams/Scoring_5May/Adam/DSC_0114.TIF,3,3,1,1,5,4,902,1252,507,857
/Volumes/Mark-Banfield/Josh_Williams/Scoring_5May/Adam/DSC_0114.TIF,3,3,1,1,6,4,850,1114,221,485
/Volumes/Mark-Banfield/Josh_Williams/Scoring_5May/Adam/DSC_0114.TIF,3,3,2,2,1,6,1357,1653,1514,1810
/Volumes/Mark-Banfield/Josh_Williams/Scoring_5May/Adam/DSC_0114.TIF,3,3,2,2,2,5,1318,1606,1828,2116
/Volumes/Mark-Banfield/Josh_Williams/Scoring_5May/Adam/DSC_0114.TIF,3,3,2,2,3,5,1206,1508,2127,2429
/Volumes/Mark-Banfield/Josh_Williams/Scoring_5May/Adam/DSC_0114.TIF,3,3,2,2,4,0,1804,2180,2113,2489
/Volumes/Mark-Banfield/Josh_Williams/Scoring_5May/Adam/DSC_0114.TIF,3,3,3,1,3,0,540,850,3502,3812
