loo_exact_dist,loo_nearmiss_dist
0.3669523181718304,0.8899143045484509
0.36613222051394684,0.8856797715791785
0.36356640281442393,0.8865435356200527
0.37126537785588754,0.8865333919156415
0.3672235656188173,0.8912947900637502
0.3693980667838313,0.8898286467486819
0.36860030762469786,0.8867281916062404
0.3677277716794731,0.8861690450054884
0.3637262440953532,0.8846534109634187
0.3658831282952548,0.8869727592267135
0.36339668241239154,0.8839942875974953
0.36962971102076697,0.8855070871332821
0.36629312239068335,0.8863985937156669
0.3681608437705999,0.8865084596791913
0.3663442514838426,0.8882171905913387
0.36592332198176425,0.8868504888498298
0.35760642393576064,0.8859311406885931
0.36995934512690914,0.8873750137347545
0.3744367512913507,0.8862512363996043
0.36387607119314436,0.8862887277521424
0.3607998242144584,0.8796967699406724
0.3698449356647971,0.8860662047729022
0.36677288210086806,0.8885836721239424
0.37153846153846154,0.8867032967032967
0.3662126537785589,0.8882908611599297
0.36682422776739587,0.889633945256678
0.361947680808969,0.8865684765882612
0.3637263528376595,0.8861636603607567
0.3642456872871113,0.8856169651686628
0.3578727612350291,0.8878145258762773
0.36637362637362636,0.8870329670329671
0.36164835164835163,0.8869230769230769
0.3673671471008912,0.8922873803498734
0.3727602506320765,0.8863361547762999
0.363167142543378,0.892378651438612
0.3655536028119508,0.8852152899824253
0.36675461741424803,0.883245382585752
0.37035816304108987,0.8851900681168974
0.36548390640448203,0.8871800505327914
0.3625589816745309,0.884450784593438
0.3669230769230769,0.8893406593406593
0.36682422776739587,0.8851269649334945
0.3675937122128174,0.8884247554138727
0.36818980667838314,0.8852152899824253
0.3667656439019026,0.8869460024194435
0.36844996155113696,0.8877293200043942
0.37190900098911966,0.8907572260687988
0.37221061888534684,0.8882049027151808
0.36809141852543675,0.8869355015932315
0.37478031634446396,0.8892794376098418
0.3631769746237504,0.887289904427112
0.3683747525841214,0.8886078733230701
0.371978021978022,0.8896703296703297
0.36822429906542054,0.8903793293018142
0.3685425368212794,0.8896460760606727
0.3645054945054945,0.8868131868131868
0.3695485004943425,0.8909150829396902
0.3731048121292024,0.8879367172050099
0.35650741350906096,0.8827018121911038
0.3690227547543146,0.889743871606024
0.3627871194636773,0.8884492801406748
0.3671205798374698,0.8905117504941796
0.369975840105425,0.8878761256314518
0.36698154657293497,0.8900483304042179
0.37032967032967035,0.8876923076923077
0.3667215815485997,0.8914881933003844
0.3691208791208791,0.8868131868131868
0.3690227547543146,0.8857865230295702
0.3651944627554384,0.8872775214238628
0.364036051879534,0.8886568476588261
0.37008565780803865,0.8909510213046343
0.3696989672599429,0.8893649747308284
0.3598505658718822,0.8879244039116581
0.3690972984845157,0.8905117504941796
0.36810893916099274,0.8858994069844058
0.3678021978021978,0.8824175824175824
0.36587240584166025,0.8886570769737564
0.3692544534858148,0.8884979107103584
0.36459477267735557,0.8855699538765649
0.3674321503131524,0.8872651356993737
0.3633666630040655,0.8882540380178002
0.36844996155113696,0.8906953751510491
0.3669412410763317,0.8891817682591983
0.36658600967883853,0.8857237131544214
0.3689469638739431,0.8882178543977161
0.35889267274524883,0.8864110732725475
0.3744783659125851,0.8865583132000878
0.36406593406593407,0.8853846153846154
0.3665934065934066,0.8850549450549451
0.3752473071004616,0.8849197625851836
0.3627375590464682,0.8867406349555091
0.3731868131868132,0.8853846153846154
0.3629466739967015,0.8847718526663002
0.378500054902822,0.8863511584495443
0.37009345794392523,0.8873007146783948
0.3669412410763317,0.8879736408566722
0.36183776654209715,0.887997362057595
0.37023194459711994,0.8868857865230295
0.3671386236417517,0.8890352321369773
0.36100131752305664,0.8904259991216513
0.3712087912087912,0.8873626373626373
0.36678390855133,0.8855792481864146
0.36725274725274726,0.8861538461538462
0.3666813090270152,0.8858994069844058
0.362298143469186,0.8908052290453696
0.36467486818980666,0.8878514938488576
0.3704640422256433,0.8894875742247635
0.37302284710017575,0.8907073813708261
0.3723637961335677,0.8870826010544816
0.3654945054945055,0.8828571428571429
0.36383609798967376,0.8901461056794463
0.36936936936936937,0.8879367172050099
0.3684904416611734,0.8870577894968139
0.37487625123748763,0.8895611043889561
0.3650357339197361,0.8905992303463441
0.36770363856216337,0.8835879960426514
0.3633065845883258,0.8840277014400352
0.3697682082829836,0.8871800505327914
0.36440491875274483,0.8927316644707949
0.368611935377514,0.8894383998241565
0.36058009228740934,0.8879367172050099
0.3666520210896309,0.8849956063268892
0.3710581254807164,0.8881441599824195
0.36828813000988253,0.8886570769737564
0.3691208791208791,0.8853846153846154
0.37303765506641784,0.8874739268854979
0.36755985064792446,0.8894135734680431
0.3706309078918444,0.8893163332600571
0.3704680290046144,0.8877169852779608
0.36343660733904637,0.8856295319709954
0.35821059573532643,0.8889865904594416
0.37517847336628224,0.8892915980230642
0.36749038989566174,0.8898407468423943
0.3649851632047478,0.8882294757665677
0.37139093204523,0.8913162806016028
0.3691275167785235,0.8867862251072726
0.37166392092257,0.8890719384953323
0.36930508288505876,0.884400043912614
0.369975840105425,0.8887546672523611
0.3656634446397188,0.8865333919156415
0.37079762689518786,0.8876071193144364
0.36942675159235666,0.8863386777948605
0.3647252747252747,0.8850549450549451
0.3649153660145087,0.8850296768520554
0.369646386997584,0.890072479683725
0.3734211971444261,0.8884129599121362
0.3722411331942462,0.8878884374656857
0.36887227962189495,0.8887667619256979
0.3727062960114273,0.8860564773101857
0.36413580925173056,0.890781232831557
0.37089150269319554,0.8886446081125646
0.36508459679191385,0.8874972533509119
0.36471492914423814,0.8867406349555091
0.3646153846153846,0.8889010989010989
0.3710581254807164,0.8873750137347545
0.3733655642237117,0.8846280628502362
0.3657732864674868,0.8871924428822495
0.36945054945054945,0.8848351648351649
0.3609006040637013,0.8846787479406919
0.36561503792459055,0.887985050016489
0.37165129556433907,0.8909749670619236
0.3638061751455884,0.8884737940885616
0.3680624244422464,0.8854819210902297
0.36631486367634125,0.8851143359718557
0.3624382207578254,0.8868753432180121
0.36798154049005605,0.8904515987254148
0.36768098429089313,0.884323849280457
0.36684245220830586,0.8857393979345198
0.37024829707756535,0.8868380575697649
0.37501373475442257,0.884737940885617
0.3698494670915284,0.8857268432040435
0.36648351648351646,0.8874725274725275
0.37057789496813887,0.8862887277521424
0.3592137052492862,0.8871074017131562
0.3575351493848858,0.8862038664323374
0.3724865399406659,0.8852873310625206
0.36106233538191396,0.8926690079016681
0.37065934065934064,0.8875824175824176
0.3738173817381738,0.8881188118811881
0.3665019220208677,0.8850082372322899
0.3635763774331904,0.8844165841856373
0.37020762386026584,0.888498297264638
0.36176761569748267,0.8871056392217215
0.3697968149368479,0.8868753432180121
0.3645753213932535,0.8892429403362268
0.3684210526315789,0.8855070871332821
0.36629312239068335,0.8870577894968139
0.368102879753792,0.8890965047263135
0.36318735594336515,0.8859620239271211
0.3696416794899978,0.8854693339195427
0.36336698858647937,0.887071992976295
0.3618189806678383,0.8836775043936731
0.36449522135559703,0.887289904427112
0.37396944047488184,0.8934813674837858
0.37265238879736406,0.8869851729818781
0.36706218413535485,0.8817842232476378
0.36996699669967,0.890979097909791
0.36858304935693087,0.887875123667143
0.364695537480765,0.8877775335238514
0.3648351648351648,0.8916483516483517
0.3669523181718304,0.8860689958250934
0.3603118822754228,0.8879859433340654
0.375755577535993,0.8889987910759424
0.36928320140721194,0.8854441512752859
0.3731589360298967,0.8897559903275445
0.3716765546033839,0.8893649747308284
0.3721978021978022,0.8801098901098902
0.36516298979255846,0.8861815387992537
0.36639209225700164,0.886545853926414
0.3651055408970976,0.887532981530343
0.3669523181718304,0.8859591298615689
0.36903977147879585,0.8833223467369808
0.36646167362178783,0.8883153964419065
0.3573705617236452,0.8845773331867649
0.3697922391997362,0.8872155655710674
0.3707692307692308,0.8863736263736264
0.36230769230769233,0.8853846153846154
0.36585634143658563,0.8848311516884831
0.3646153846153846,0.8864835164835165
0.3621675093427127,0.8865684765882612
0.36865245108815126,0.8912947900637502
0.3665934065934066,0.8876923076923077
0.3629572668351093,0.886520927166868
0.3638461538461538,0.8898901098901099
0.36736263736263736,0.8887912087912088
0.36761151395297736,0.8882663150955834
0.36897044280848257,0.8878145258762773
0.36982085943510273,0.8894383998241565
0.36995934512690914,0.887155257663993
0.3701627088830255,0.8874230430958663
0.3701384311140409,0.8882663150955834
0.36479507746401496,0.88671574552247
0.3691039032435404,0.88565145684442
0.37116800351609713,0.8853972090979013
0.3708631115997801,0.885541506322155
0.3674321503131524,0.8864959894517086
0.3647045903799693,0.8863386777948605
0.3700043917435222,0.892292490118577
0.36835748792270534,0.887461572244181
0.36795252225519287,0.889328497637103
0.36682422776739587,0.8835879960426514
0.3634065934065934,0.8864835164835165
0.3735720562390158,0.8882908611599297
0.37194987909430643,0.892174104198725
0.3657544785141224,0.8876799648313002
0.3641053787047201,0.8849615806805708
0.3652641986158409,0.8913544985169725
0.36844996155113696,0.887289904427112
0.36835748792270534,0.8854852876592006
0.3625274725274725,0.8847252747252747
0.377020340846619,0.8900494777350192
0.36641389163644356,0.88954830201121
0.3649257833974711,0.8876305662451897
0.36488566402814426,0.88896218117854
0.3702768014059754,0.8866432337434095
0.3722820118603119,0.8867779486053152
0.3718681318681319,0.8856043956043956
0.36253710014290425,0.8902935033527537
0.35911238053388994,0.8920136218828958
0.3708791208791209,0.8912087912087913
0.3660331758760848,0.8866307810611886
0.36810893916099274,0.8808477926641775
0.36095845240712243,0.8897559903275445
0.3689010989010989,0.8898901098901099
0.36904630953690465,0.8843911560884391
0.37220026350461133,0.8889986824769434
0.3674546454095657,0.8890599230346344
0.3803404722679846,0.8881933003844041
0.3659340659340659,0.8864835164835165
0.36142857142857143,0.8892307692307693
0.36538461538461536,0.8857142857142857
0.3608088800967139,0.8858116276513902
0.3675711303965726,0.8908052290453696
0.37319995602946027,0.8890843135099483
0.3639859371566689,0.8879367172050099
0.37089150269319554,0.8850170385841486
0.3658241758241758,0.8835164835164835
0.3698901098901099,0.8836263736263736
0.371004942339374,0.8868753432180121
0.36677288210086806,0.8886935501593232
0.3657142857142857,0.8893406593406593
0.3686813186813187,0.8874725274725275
0.36846153846153845,0.8875824175824176
0.3695485004943425,0.8898165439964847
0.36790585129784426,0.8834139903211614
0.3652451088151242,0.8899758188612882
0.36255767963085034,0.8903537684025489
0.3719652861693947,0.8857519499066242
0.36688276013624876,0.885946599274805
0.3695198329853862,0.8906713547961762
0.36425588041327767,0.8842602769839525
0.36776814139861674,0.887364145350752
0.363896218117854,0.8903913808267371
0.37222588442100635,0.8823335530652604
0.371334431630972,0.8887424492037342
0.3727602506320765,0.8853468176321865
0.3668938228182018,0.8860189052539019
0.3625782365213572,0.8890962995497969
0.36829964850615116,0.8856546572934973
0.37326885029676854,0.8882171905913387
0.3758927590374684,0.8862762333809472
0.36936936936936937,0.8866183256427159
0.36087004284301877,0.8850928265407009
0.36725274725274726,0.8886813186813187
0.36379613356766255,0.8866432337434095
0.3622583479789104,0.8887302284710018
0.3718863162515088,0.8879622517283002
0.35894898856640284,0.8853342128408092
0.36925950340584485,0.8889255108767304
0.362508236327696,0.8865583132000878
0.35938015166501813,0.8913067370040664
0.3678653909600792,0.8862861541845376
0.3731605534812212,0.8849110476608829
0.36803341761020114,0.8875453446191052
0.3666520210896309,0.8866432337434095
0.3680624244422464,0.8875700626442466
0.36617243272926964,0.886216364634816
0.37119630890915084,0.8864110732725475
0.37445079086115995,0.8865333919156415
0.36496430532674357,0.8839099395936298
0.36917838312829526,0.8876318101933216
0.3610897506316599,0.8906953751510491
0.36284741294078876,0.8879490277930353
0.3686929757062768,0.8866659338243377
0.3634866615435284,0.8834120100999012
0.36783124588002636,0.8868380575697649
0.3586419074826942,0.8872651356993737
0.3660331758760848,0.8852026804350214
0.3684904416611734,0.8890353768402549
0.36844996155113696,0.8898165439964847
0.36844996155113696,0.8845435570690982
0.3697636063771303,0.8919186366135239
0.3588448446250137,0.8873394092456353
0.363556434773052,0.8839432904714803
0.3726803557702866,0.890304161633908
0.3754667252361081,0.8855699538765649
0.3622678826502582,0.8824305021426216
0.3614404918752745,0.8841677646025472
0.3673850890697163,0.8836595557510446
0.36623433721697074,0.8877775335238514
0.36074766355140186,0.8871907641561297
0.367986798679868,0.8837183718371837
0.35762171667216175,0.891636443565227
0.36455584872471414,0.8856640281442393
0.3667032967032967,0.8876923076923077
0.3708667472261892,0.888498297264638
0.3675420283485331,0.8868256235578508
0.36119960452598043,0.8821267713940459
0.36998350742166025,0.891039032435404
0.3676002196595277,0.885777045579352
0.37410704473019013,0.8891086932629959
0.3637662052296199,0.8881564491320589
0.3634964266080264,0.8869708631115998
0.3705288567039719,0.8891814790432302
0.3649153660145087,0.883930534183337
0.3698901098901099,0.8875824175824176
0.3676696683505381,0.8878761256314518
0.3637262440953532,0.8866307810611886
0.3729111697449428,0.8910510114335972
0.37151328794201627,0.8858994069844058
0.367443394152561,0.8898659045944164
0.36899923102273974,0.8858618038009447
0.37402483243599605,0.8870453796286122
0.37013415438750824,0.8884979107103584
0.3584056220489733,0.8883276600417261
0.3627677100494234,0.8842394288852279
0.3639859371566689,0.8835420786640299
0.36336633663366336,0.8842684268426843
0.37241758241758244,0.8904395604395604
0.36599297012302284,0.8868629173989455
0.3616086144379739,0.8862762333809472
0.36761151395297736,0.8870577894968139
0.36523458960553784,0.8837490385671904
0.37140030775994726,0.8850296768520554
0.367443394152561,0.8892064189931853
0.3633366303989449,0.8913067370040664
0.371444261394838,0.8867655134541461
0.3618681318681319,0.8887912087912088
0.3617091388400703,0.8844463971880492
0.37376400791034936,0.8877169852779608
0.36115992970123023,0.8864235500878734
0.3679411118435509,0.8872775214238628
0.3697682082829836,0.8873997583214325
0.3698494670915284,0.8957257444236897
0.36272787173292337,0.889084120360202
0.36532337762160977,0.8870099923136049
0.36273647162340517,0.885943686757589
0.36568476588261156,0.8855792481864146
0.36615384615384616,0.8914285714285715
0.36675085099374105,0.8864609640935545
0.36710251620701023,0.8875947698055159
0.3692375398833755,0.8859060402684564
0.36676186291739893,0.8901581722319859
0.36638120333772506,0.8884497145366711
0.37747252747252746,0.8884615384615384
0.3620784356805449,0.888498297264638
0.36736934563021517,0.8858146684233641
0.36770363856216337,0.8847971858854567
0.37051267976726315,0.8868152376770227
0.370712401055409,0.8866534740545294
0.36264702649225017,0.8888644608112565
0.3662714097496706,0.8893280632411067
0.37259430331023863,0.8870559771252612
0.36973496095897945,0.8879357747718025
0.36554298890962994,0.8873394092456353
0.36075115308587746,0.8882055787392927
0.36860030762469786,0.8892551087673038
0.37501373475442257,0.8940775738929788
0.370850736425588,0.8864585623213893
0.363776239147159,0.8866908451478185
0.3661646696713202,0.889633945256678
0.36295644522657283,0.8880334359876815
0.3711555360281195,0.890268014059754
0.36814936847885776,0.8880834706205382
0.373956043956044,0.8861538461538462
0.3598110305427379,0.8863985937156669
0.3751373928335898,0.8849197625851836
0.3687451886066205,0.8889255471241615
0.36698154657293497,0.8848857644991213
0.3653148697659083,0.8846027035938016
0.37390158172231985,0.8893892794376098
0.3611904238963321,0.8837030529321327
0.3692763808059734,0.8875590205336554
0.37083836940995496,0.8855070871332821
0.36530432871896285,0.8852999340804218
0.36761151395297736,0.8867281916062404
0.36261805403030967,0.8838128706347463
0.37688166135589496,0.8861663553455664
0.36189848384970336,0.8846407382992749
0.3686580276740611,0.8850208653634966
0.3645650263620387,0.8856546572934973
0.36753075571177507,0.8871924428822495
0.37054945054945054,0.8873626373626373
0.37116800351609713,0.887155257663993
0.36685350038465764,0.8876799648313002
0.3651438611904239,0.890401932791566
0.3671720500988794,0.8862887277521424
0.3625673150895703,0.8874601604571931
0.3671386236417517,0.8856327516189222
0.3697802197802198,0.8846153846153846
0.37112381790191334,0.8891576863866285
0.36676186291739893,0.8899384885764499
0.3749450549450549,0.8861538461538462
0.3662451896646509,0.8870808136338647
0.3695652173913043,0.8876811594202898
0.3710297834926915,0.886580942960765
0.36093115186120567,0.8876688261776655
0.36050087873462217,0.8853251318101933
0.3631370826010545,0.8843365553602812
0.3657839797824415,0.890781232831557
0.3641656596726354,0.884323849280457
0.3653444676409186,0.8884737940885616
0.3698945981554677,0.8891084760649978
0.3665237938234971,0.8850423123420156
0.3655536028119508,0.8865333919156415
0.3651753325272068,0.8838078487413433
0.37321310754343523,0.8861886958434132
0.3719398397189593,0.886595674607531
0.3623969213853766,0.8907091808686092
0.370989010989011,0.8872527472527473
0.36253842775581907,0.8911945542380325
0.3708791208791209,0.8856043956043956
0.3609675645959318,0.8886201209455745
0.3676696683505381,0.8902921150889523
0.3637263528376595,0.8868235811702596
0.3695652173913043,0.8888888888888888
0.3723357503845309,0.8869479235332894
0.37097660112050973,0.8900362517851258
0.36228860092246873,0.8872172194157698
0.371883580450302,0.8818231740801757
0.36842683060709186,0.886595674607531
0.37144113443992527,0.8889743871606024
0.36818980667838314,0.8874121265377856
0.3687795232340986,0.889486982313523
0.3754116355653128,0.8888035126234907
0.37215690583452365,0.8852873310625206
0.36431553504724234,0.8842012744451769
0.3641954969796815,0.8874244920373421
0.3669634025717112,0.8835036817232663
0.36211821577675235,0.8837618105910788
0.36787792293336263,0.889669557580415
0.3631370826010545,0.8890597539543058
0.36475635243647564,0.8929710702892971
0.3641954969796815,0.8872048325096101
0.36685350038465764,0.8837234860973734
0.37107401713156163,0.889743026575884
0.3663333699593451,0.8885836721239424
0.3652852588765527,0.8834780696933054
0.367808519982433,0.8866930171277997
0.36261805403030967,0.8863386777948605
0.3653148697659083,0.8898780085723705
0.36115992970123023,0.8846660808435852
0.3643359718557608,0.8822559366754618
0.36843262255440756,0.8890965047263135
0.37211348141631845,0.8880580602595117
0.3628075571177504,0.8867530755711776
0.3658831282952548,0.8897188049209139
0.37104916593503073,0.8866330114135206
0.3690633245382586,0.8894019349164468
0.36721239424239094,0.8893528183716075
0.3672931091328717,0.884492801406748
0.3660518225735617,0.8883399209486166
0.3696057977380037,0.8879982431096959
0.3597627937623545,0.8877663079288381
0.3669230769230769,0.8884615384615384
0.3702524698133919,0.8885839736553238
0.36353651839648543,0.8885227896760022
0.3619288224956063,0.8869727592267135
0.3692713484998352,0.884272997032641
0.36343660733904637,0.8860689958250934
0.36675085099374105,0.890304161633908
0.36047022632388487,0.8887057789496814
0.3694792353328939,0.8849703361898484
0.3665531260301066,0.885946599274805
0.3615781954060886,0.8877898670183537
0.36640298835420787,0.8856295319709954
0.3632469244288225,0.8881810193321616
0.36210688365955573,0.8862986584561249
0.36753546684262617,0.8849664577147256
0.36079077429983525,0.8881933003844041
0.36935253380235245,0.8905133560514455
0.37193714976376224,0.8885836721239424
0.3598023064250412,0.8889621087314662
0.36595557510446447,0.8886078733230701
0.3681608437705999,0.8851900681168974
0.36590185530793723,0.8871445822812603
0.3653148697659083,0.886800747334872
0.3691260430390865,0.8909749670619236
0.37350324068988244,0.8875096122157531
0.3651839648544756,0.8912685337726524
0.3682012965608175,0.8844083067794748
0.3641663000439947,0.8870435547734272
0.3675711303965726,0.8892672745248819
0.3554554444566531,0.8858367212394243
0.36612442295009895,0.8863486480545175
0.36998791607162473,0.8861913654839064
0.36180959701328647,0.8875590205336554
0.3678830512200484,0.8861288195207738
0.36630398944939,0.8891086932629959
0.3695079086115993,0.8824692442882249
0.36844420010995055,0.8869708631115998
0.3601098901098901,0.8894505494505495
0.3682187568636064,0.8902921150889523
0.36586438070117594,0.8854819210902297
0.36749038989566174,0.8859967051070841
0.3637862796833773,0.8899516270888302
0.36516483516483517,0.8851648351648351
0.36945054945054945,0.8887912087912088
0.36592332198176425,0.8867406349555091
0.3713877595868586,0.8866058674870894
0.3683227082875357,0.8843701912508244
0.36661535078073454,0.8899274246756103
0.3686580276740611,0.8878761256314518
0.3750274303269695,0.8899495281983761
0.37,0.8838461538461538
0.3654353562005277,0.8895118733509235
0.3659714599341383,0.8826564215148189
0.3687912087912088,0.8853846153846154
0.3635264372870177,0.8875453446191052
0.3589799956034293,0.8882171905913387
0.3674321503131524,0.8914405010438413
0.37056562328390996,0.8868753432180121
0.366472591453367,0.8880588816873558
0.3669452386188696,0.8880580602595117
0.36774406332453824,0.8896218117854002
0.3735733099209833,0.8857550482879719
0.36381600614776594,0.889669557580415
0.371334431630972,0.884898407468424
0.3651839648544756,0.8915980230642504
0.3639758374519495,0.8887424492037342
0.36589385781782224,0.8901219646192726
0.3583287520615723,0.8873007146783948
0.3706309078918444,0.885249505385799
0.37067545304777594,0.887095002745744
0.36453526697429134,0.8866183256427159
0.37350192413413963,0.8859813084112149
0.36986150802374146,0.8888766761925698
0.3628367234744365,0.8881803188565146
0.363286828518071,0.8881687355816764
0.37026046818331687,0.8888888888888888
0.37107401713156163,0.8863386777948605
0.3625288113269674,0.8900230490615739
0.37160751565762007,0.8858367212394243
0.3665934065934066,0.8878021978021978
0.36711365135194546,0.8940426467355462
0.3657732864674868,0.8879613356766256
0.36924260745300647,0.8853468176321865
0.37210069253600087,0.8895240189073321
0.36568476588261156,0.8844801055176962
0.3698780621773042,0.8867406349555091
0.36796394019349166,0.8879727352682498
0.3704640422256433,0.884539256652738
0.36629312239068335,0.8870577894968139
0.36598221148567034,0.8847040737893928
0.36426608026388124,0.8865310610225399
0.3670733047587647,0.8869106495219254
0.3701055873295205,0.8872635283765948
0.36382604875905994,0.881945969690314
0.3727192789624093,0.885249505385799
0.3633867779486053,0.8853503184713376
0.3679234912608552,0.8911729141475212
0.36479507746401496,0.8840786726733326
0.36725274725274726,0.8868131868131868
0.3705371855432275,0.8855322421179831
0.370801317233809,0.8844127332601537
0.37064703943754806,0.8912446446226518
0.37462899857095744,0.887985050016489
0.3692713484998352,0.8860314320254973
0.3682302537624959,0.888498297264638
0.3646851994286342,0.8895725744423689
0.3683052897833498,0.8865061035961729
0.3612392880685564,0.8871676554603384
0.36630398944939,0.8861413342125508
0.3698735568993953,0.8886201209455745
0.3706631532718489,0.8864734299516909
0.36100131752305664,0.886253842775582
0.3669523181718304,0.8881564491320589
0.36961301671064206,0.8862137203166227
0.36996699669967,0.8910891089108911
0.37688166135589496,0.888363916053181
0.36342668863261945,0.8817133443163098
0.365695437053326,0.8865310610225399
0.36812582490101187,0.8885833699956005
0.36954370533260034,0.8866410115448048
0.3679120879120879,0.8898901098901099
0.3641650208470485,0.8858898398068905
0.36241758241758243,0.8830769230769231
0.35811552822314957,0.8873270371183835
0.367443394152561,0.8860189052539019
0.37077294685990336,0.8858146684233641
0.36919019887924404,0.890341720690034
0.3697682082829836,0.8855322421179831
0.37064703943754806,0.8888278589475997
0.3759472817133443,0.8877539813289401
0.37233809001097695,0.8877058177826564
0.3716609871386171,0.8863361547762999
0.37045579352004393,0.8912685337726524
0.37265238879736406,0.8868753432180121
0.36898219388876674,0.882501648714003
0.36843839226883374,0.8864484954974742
0.36490342405618964,0.8866330114135206
0.36527472527472526,0.8863736263736264
0.366084185075283,0.8859215298384437
0.3606809445359693,0.886545853926414
0.3649153660145087,0.8875577049901077
0.3635664873174481,0.8884374656857362
0.3666630040654873,0.884298428744094
0.37141916364833716,0.881461969048403
0.3698042665493732,0.8912469760281504
0.36327652556349643,0.8869708631115998
0.3637262440953532,0.8864110732725475
0.36062870960650695,0.8850296768520554
0.3734330327688586,0.8850890697162964
0.36706218413535485,0.8857393979345198
0.3667325862447814,0.8870577894968139
0.3712121212121212,0.8883399209486166
0.36749038989566174,0.8836902800658979
0.37209046991655687,0.889877031181379
0.35949005385207167,0.8883393779536213
0.3655134541460736,0.8877539813289401
0.3704110793581007,0.8873378764563641
0.3624780316344464,0.8880711775043937
0.36589385781782224,0.8877046478408966
0.36958434132394985,0.884539256652738
0.3656552330694811,0.8884124890061565
0.3685598154454575,0.8889377128419202
0.3706063268892794,0.8889499121265377
0.3732409850483729,0.887203166226913
0.36678390855133,0.887997362057595
0.3699021655490821,0.8884247554138727
0.35949005385207167,0.8855918232772833
0.3566487317448117,0.8900845503458877
0.36467486818980666,0.8834578207381371
0.3626880421653673,0.8873394092456353
0.3711272247857614,0.8912326961107448
0.36813186813186816,0.8856043956043956
0.36604395604395606,0.8917582417582418
0.36522407732864676,0.8858743409490334
0.36875068673772116,0.8840786726733326
0.3694554238032499,0.8844971453667105
0.36934065934065935,0.8851648351648351
0.36592332198176425,0.8886081511589586
0.36821279402066387,0.8878874477907233
0.3679929654869202,0.8872279621894922
0.3638461538461538,0.8885714285714286
0.367091388400703,0.8852152899824253
0.36395565799582924,0.8854132367467896
0.3679120879120879,0.8865934065934066
0.37178642056690836,0.8898044385849264
0.36066293491384044,0.888925474700911
0.36462570078047707,0.8857865230295702
0.37173292334724356,0.8837030529321327
0.37420347176444735,0.8876071193144364
0.36316657504123145,0.8867509620670698
0.3701669595782074,0.8892794376098418
0.36980883322346736,0.8893649747308284
0.3685425368212794,0.886678390855133
0.3698133918770582,0.8931942919868276
0.36617243272926964,0.88555738605162
0.37260936469553746,0.8856891624532864
0.3669634025717112,0.8875700626442466
0.3601494669743928,0.887020551708979
0.37168919661501265,0.8931750741839762
0.3665312397057209,0.8876688261776655
0.3748214874217291,0.8916840601999341
0.370398857268432,0.8885836721239424
0.372154404486968,0.8877158253601671
0.3707692307692308,0.8841758241758242
0.3645650263620387,0.8874121265377856
0.36662272028125686,0.8885959129861569
0.3709925340360123,0.8863636363636364
0.3593458456810449,0.8837668752057952
0.367032967032967,0.8849450549450549
0.37645636403605187,0.8886568476588261
0.3798330404217926,0.8922451669595782
0.36443565226948016,0.8903176173205847
0.3628580836351663,0.8840961475139941
0.3623777606856389,0.8866058674870894
0.3705901747444774,0.8900978129464776
0.3687561752113295,0.8915358436710945
0.3708420243715007,0.8876934899549895
0.3696416794899978,0.892174104198725
0.3717455783807536,0.887289904427112
0.36417582417582417,0.8864835164835165
0.3680105459738548,0.8937712841920246
0.3625866050808314,0.8885956230067085
0.36809141852543675,0.8911108669376991
0.36797536566589684,0.8855163312438139
0.37304902176302485,0.8863486480545175
0.3628571428571429,0.8896703296703297
0.36938618644998356,0.886021741517514
0.37686895338610377,0.883245382585752
0.36669229924200814,0.8880588816873558
0.3643853674612765,0.8892672745248819
0.3707284913745742,0.885946599274805
0.3660920171296805,0.8847040737893928
0.36846153846153845,0.89
0.3655028546332894,0.886034255599473
0.37043956043956044,0.8837362637362637
0.37034187094646587,0.8907332087501374
0.36452606113921265,0.886958434132395
0.36844420010995055,0.8849917537108302
0.3608791208791209,0.8842857142857142
0.3685482099714474,0.8871074017131562
0.3644459102902375,0.8876429199648197
0.3717990988020662,0.8891086932629959
0.37124958786679857,0.8889987910759424
0.3690633245382586,0.8873131046613896
0.36272787173292337,0.882604875905996
0.3659340659340659,0.889010989010989
0.36996377209353387,0.8856076407948184
0.3617582417582418,0.8872527472527473
0.367201230228471,0.8890597539543058
0.36728191606240385,0.8896945726214018
0.36284741294078876,0.886520927166868
0.3675824175824176,0.8864835164835165
0.3741900054914882,0.8872048325096101
0.36203866432337434,0.8879613356766256
0.3699714222906133,0.890855132996263
0.363776239147159,0.8871304538960325
0.36921893881138085,0.8869603427441503
0.37020762386026584,0.8893771284192025
0.3701833351630256,0.8908771544626194
0.3668021531363287,0.8857519499066242
0.36315673774455925,0.8883271048582106
0.3667325862447814,0.8866183256427159
0.3654543456762993,0.8849576969563784
0.3705087353038128,0.8881441599824195
0.3743133377279719,0.8913425620742694
0.3634167764602547,0.8873517786561265
0.36604104928108877,0.8884864449566459
0.3709074928587124,0.8924412217095143
0.36083040421792617,0.8882908611599297
0.36195711929631663,0.8881803188565146
0.3646942584257328,0.8856076407948184
0.36836902800658977,0.88610653487095
0.36982540902602395,0.8911826067859888
0.3731589360298967,0.8884370191250824
0.3629873695771554,0.8843492586490939
0.36919019887924404,0.8873750137347545
0.36713171481929036,0.8891574206305614
0.36440491875274483,0.8936100131752306
0.3682937554969217,0.8868733509234829
0.3616600790513834,0.8858146684233641
0.3709358523725835,0.890268014059754
0.36875068673772116,0.8836391605318097
0.3555408970976253,0.8857739665787159
0.3689128284049687,0.8900736506540617
0.3688434476693052,0.8880826737027264
0.36619408726233654,0.8884492801406748
0.3648351648351648,0.8849450549450549
0.3658751099384345,0.8906112576956904
0.3719217238346526,0.8892919964819701
0.36356640281442393,0.8923702726473175
0.3707692307692308,0.8850549450549451
0.3694911528739422,0.8891086932629959
0.37131868131868134,0.8892307692307693
0.3757549138025695,0.889315910837817
0.3679701230228471,0.8852152899824253
0.36888400219901046,0.8909290819131391
0.3694554238032499,0.8873517786561265
0.3658241758241758,0.8863736263736264
0.3655346741400154,0.8851522145290691
0.3676519063839139,0.8885836721239424
0.3703784969829951,0.8888645090510148
0.37177091348796304,0.8866659338243377
0.3644654433578728,0.8870453796286122
0.3683979356538926,0.8879982431096959
0.36548390640448203,0.8861913654839064
0.3669634025717112,0.8886690845147819
0.36731107205623903,0.8871924428822495
0.35952956693778854,0.8876676192569796
0.3621675093427127,0.8888766761925698
0.3720597933611783,0.8884370191250824
0.36946246015169837,0.8868857865230295
0.36677288210086806,0.8848478189209977
0.37158229933018555,0.883935434281322
0.3649747308283894,0.8918918918918919
0.36213720316622694,0.8841248900615655
0.36938125068688865,0.8869106495219254
0.36735142260793147,0.8812479402394815
0.36753546684262617,0.88287693830419
0.36141931231462154,0.8844337031747775
0.367461276502252,0.8919037679885752
0.3663442514838426,0.8871180479226204
0.3642653195695146,0.890401932791566
0.3617301569875947,0.8872543638160062
0.3733391896343472,0.8901943559898979
0.37140030775994726,0.8882171905913387
0.3700406638092098,0.8861413342125508
0.3646839332748025,0.8816944688323091
0.36713171481929036,0.885312534329342
0.3597272627295722,0.8860662047729022
0.37184274104985726,0.8862288600922469
0.3630867318896339,0.8849071122348027
0.36539518522589864,0.8856765966802242
0.3642456872871113,0.8896824524777497
0.36390597539543057,0.8865333919156415
0.3676341248900616,0.8880826737027264
0.36714285714285716,0.8847252747252747
0.3655748516157397,0.8846999340514399
0.37020762386026584,0.8883884433703175
0.3702361339923119,0.885886875343218
0.3679587130778522,0.8842648512133524
0.3619173262972735,0.890061565523307
0.3641656596726354,0.8875096122157531
0.3582729070533949,0.8879367172050099
0.36887227962189495,0.8890965047263135
0.3661832564271589,0.8858492638980444
0.3694218509562541,0.886678390855133
0.36576260019765017,0.887119797957615
0.36383609798967376,0.8859716576952653
0.3684094903339192,0.8857644991212654
0.3639855151980687,0.8848897179852957
0.37200615249395735,0.8860689958250934
0.36813186813186816,0.8873626373626373
0.36511602331463766,0.8861761794787198
0.36599297012302284,0.8892794376098418
0.3614987364025931,0.8889133062300846
0.3678021978021978,0.8868131868131868
0.36764059753954303,0.8890597539543058
0.36865245108815126,0.8870081336557485
0.3652556349642661,0.8881803188565146
0.3701384311140409,0.8858492638980444
0.3583351636283769,0.8806281572589502
0.36494505494505497,0.8867032967032967
0.3667911267296288,0.8885350318471338
0.3685193321616872,0.8836775043936731
0.3654733142982649,0.8902921150889523
0.3615595826468973,0.884788577704558
0.36677288210086806,0.8813317217888145
0.36638120333772506,0.8851559068950373
0.36459477267735557,0.8875466725236109
0.3662451896646509,0.8867509620670698
0.3692763808059734,0.8828373778412211
0.36552406064601184,0.8870577894968139
0.3679411118435509,0.8906833662931224
0.3675711303965726,0.8849829726463803
0.3710705649593317,0.8899758188612882
0.3659340659340659,0.8867032967032967
0.3655346741400154,0.8864710407737114
0.363286828518071,0.8867406349555091
0.37,0.8878021978021978
0.36146829321903506,0.8841630948455874
0.37397034596375617,0.8877539813289401
0.3679929654869202,0.8883271048582106
0.3633867779486053,0.8908412036020207
0.3660331758760848,0.8831154564429309
0.36953656929497036,0.8865583132000878
0.3689181768259198,0.8816035145524437
0.364735627129823,0.887985050016489
0.369472182596291,0.8845605179414024
0.36360641335383265,0.8838128706347463
0.36104095750521575,0.8850334907214231
0.36141931231462154,0.8855322421179831
0.36639209225700164,0.8850082372322899
0.3641160949868074,0.8899516270888302
0.3664909969257795,0.8851559068950373
0.3730097727023169,0.8823981552651806
0.36580276740610584,0.8894135734680431
0.36464513293781586,0.8860689958250934
0.36137961335676627,0.8878514938488576
0.3603781882145998,0.8876429199648197
0.36685350038465764,0.8857017254643368
0.3632267282118914,0.8852621167161226
0.3726653482751044,0.8878268512414854
0.3655134541460736,0.8875343218012082
0.36426608026388124,0.8847718526663002
0.35996044390726295,0.8862762333809472
0.3697682082829836,0.8871800505327914
0.365355023081996,0.8827214772477467
0.3697682082829836,0.891464352411293
0.3666446789797713,0.8929199648197009
0.36883173975162103,0.8882294757665677
0.36465545664358723,0.8836135839103199
0.3655111891180342,0.8867924528301887
0.3703662963370366,0.8861511384886152
0.3703459637561779,0.8876441515650741
0.36937431394072445,0.8849615806805708
0.3670107621348561,0.8861190423896332
0.36586438070117594,0.8860314320254973
0.3647252747252747,0.8828571428571429
0.36556422371168,0.8864959894517086
0.3682012965608175,0.884298428744094
0.3694911528739422,0.887020551708979
0.3677617844192946,0.8875947698055159
0.36750164798945284,0.8860689958250934
0.36878574571051476,0.8838539375274967
0.3647549989013404,0.8842012744451769
0.3617091388400703,0.8878514938488576
0.3693238042880704,0.8840021990104453
0.36886056477310186,0.8861663553455664
0.3666739942844581,0.888107276324467
0.3619288224956063,0.8873022847100176
0.36835164835164835,0.8849450549450549
0.3654733142982649,0.889743026575884
0.37370850736425587,0.8892064189931853
0.3704842428900845,0.8873394092456353
0.3647639956092206,0.8833150384193195
0.36332674137552184,0.8867281916062404
0.3725038402457757,0.8838051349572087
0.3732409850483729,0.8857739665787159
0.367461276502252,0.8852026804350214
0.36641389163644356,0.8815254423563029
0.36630398944939,0.8859215298384437
0.35996044390726295,0.8875947698055159
0.37135949005385205,0.8869106495219254
0.36809141852543675,0.8855070871332821
0.36240799736350654,0.8845435570690982
0.36975620470019765,0.8895233911706567
0.371978021978022,0.8843956043956044
0.3707408221587162,0.890855132996263
0.3660626029654036,0.8835804503020318
0.36602528862012096,0.8911489829576691
0.3649153660145087,0.8896460760606727
0.3676632226863047,0.8900857331281601
0.3631966582389799,0.887985050016489
0.36688276013624876,0.8870453796286122
0.3654733142982649,0.8893037557654294
0.3687390158172232,0.8885105448154658
0.3656929497034922,0.8812870634746321
0.36409580312019335,0.8837618105910788
0.3686985172981878,0.8846787479406919
0.3710581254807164,0.8877046478408966
0.37020762386026584,0.8847632648577393
0.3719652861693947,0.8878391738987147
0.3677617844192946,0.8901219646192726
0.37089511257550795,0.8913783635365184
0.36711365135194546,0.886678390855133
0.3682012965608175,0.8840786726733326
0.3776385224274406,0.8888522427440633
0.3762365355023082,0.8856891624532864
0.36684245220830586,0.8865084596791913
0.36604395604395606,0.8873626373626373
0.3721313275502361,0.8841550455693422
0.36224881958932686,0.8890962995497969
0.3648440931049627,0.8897672375933245
0.36608122941822174,0.8861690450054884
0.3697229551451187,0.8862137203166227
0.36875068673772116,0.8882540380178002
0.36850792253521125,0.8882042253521126
0.3659742828882295,0.8891086932629959
0.3633666630040655,0.8855070871332821
0.3642755135669559,0.8848731187520598
0.3639459518839943,0.8891574206305614
0.36828813000988253,0.8875590205336554
0.37287204832509613,0.8843492586490939
0.36757589089309284,0.8890233172019357
0.371554091158704,0.885447556287754
0.3665019220208677,0.8869851729818781
0.3645650263620387,0.8884007029876977
0.36998791607162473,0.8901461056794463
0.37119630890915084,0.8861913654839064
0.36798154049005605,0.8897923305131304
0.3631168260248379,0.8898780085723705
0.36480545174763684,0.8886568476588261
0.37232054523469277,0.8836979223919974
0.3685770750988142,0.8869126043039086
0.36492422578519657,0.8868877663079289
0.3637362637362637,0.8906593406593407
