corrected_nz_dist,corrected_nz_nearmiss
0.6531370038412292,0.9169014084507042
0.6485414534288638,0.9136386898669396
0.6492890995260664,0.9148200333034456
0.6520793346129239,0.9142674344209852
0.655269560763222,0.9172749391727494
0.6556978233034572,0.9166453265044814
0.6523632637376713,0.9149481234789292
0.6484065019838731,0.9143734800972738
0.6476239272447804,0.9118739592673242
0.6511270491803278,0.9140625
0.6481362879467145,0.9120020494428077
0.6524468357673584,0.9137842685114015
0.6517285531370038,0.9140845070422535
0.6504928946357701,0.9148636538215338
0.6524913539131548,0.9157166645318304
0.6516005121638925,0.9142125480153649
0.6479631053036126,0.913656161926723
0.6526639344262295,0.9150870901639344
0.652285238765843,0.9140955063372167
0.6496350364963503,0.9142015622999103
0.6406350019203687,0.9094866214313149
0.6503201024327785,0.9143405889884764
0.6521516393442623,0.915343237704918
0.6517731404429651,0.9148636538215338
0.6493340163934426,0.9159836065573771
0.6541517170681702,0.9172219374679651
0.6533043032786885,0.9157274590163934
0.647744746283957,0.9127370579190159
0.6497695852534562,0.9119303635432667
0.6499359795134443,0.9151088348271447
0.6517674180327869,0.9131659836065574
0.6480983480599308,0.9142015622999103
0.6561619267230335,0.9186523187291826
0.6515558970418748,0.9145857344090152
0.65625,0.9170081967213115
0.6471190781049936,0.912932138284251
0.647382567515679,0.9116856521182645
0.6503138209299347,0.9120020494428077
0.6513056835637481,0.916410650281618
0.6488803582853487,0.9127319257837492
0.6531814108308795,0.9161438996287287
0.6500128106584678,0.9137842685114015
0.6511210762331838,0.9169762972453556
0.6475032010243278,0.9133162612035851
0.6486486486486487,0.9152043038298963
0.652073732718894,0.9156426011264721
0.6572270630445926,0.9173500768836494
0.6547527542915705,0.9149372277735076
0.6502753233448585,0.9148418491484185
0.654422116984513,0.9168053244592346
0.6505761843790013,0.9147247119078105
0.6522797131147541,0.9157274590163934
0.6551415033935203,0.9161224228454348
0.655137074045606,0.9168588265436843
0.6547039220712638,0.9156626506024096
0.6519457245263697,0.9147465437788018
0.6536491677336748,0.9174135723431498
0.654885388654117,0.9167627096939429
0.6448514344262295,0.9113729508196722
0.6545407967208915,0.9168694761111823
0.6501920614596671,0.91651728553137
0.6521572141851235,0.9178082191780822
0.6537328723268024,0.9156101933666283
0.6552298041223915,0.9179362437588017
0.6519344094286447,0.9149372277735076
0.6569380440348183,0.9174347158218126
0.64891846921797,0.9142454882887495
0.6516393442622951,0.9140625
0.6531814108308795,0.9142235309179363
0.652752880921895,0.9160051216389244
0.6540381415589402,0.9179572507359529
0.654033290653009,0.9174135723431498
0.6519902726225522,0.9153974145654679
0.6561659623511333,0.9171468818030478
0.6499872024571283,0.9134886101868441
0.6486105775387374,0.9111281854270713
0.6509603072983354,0.9158770806658131
0.6538165983606558,0.9155993852459017
0.6487455197132617,0.9148745519713262
0.6515558970418748,0.9140735049302088
0.6512104521583194,0.9148200333034456
0.6574429925698181,0.9178836792211119
0.654077582895916,0.9166559979516067
0.6482785101753488,0.914501471905798
0.6537328723268024,0.9150979638878217
0.6488666922781406,0.9145857344090152
0.6506209192164896,0.9152477275636922
0.6489429852658553,0.9145419602818706
0.650787552823665,0.9129209886028941
0.6522407170294494,0.9139564660691422
0.6483994878361076,0.9140845070422535
0.651338542333803,0.9132829511976431
0.6497117232543241,0.9113388853299167
0.6537772087067861,0.915236875800256
0.6501472659751568,0.9154821359969266
0.6524522986297862,0.915354078627225
0.6505823627287853,0.9151414309484193
0.6527137736815156,0.9147465437788018
0.653230966090851,0.9160588611644274
0.653309435411599,0.9166559979516067
0.6520681265206812,0.9145857344090152
0.6519400691509797,0.9140735049302088
0.6501088208936115,0.9126872359493022
0.6498463114754098,0.9139344262295082
0.6555299539170507,0.916794674859191
0.6501920614596671,0.9147247119078105
0.6549647661755285,0.9158231902626521
0.6565501344602381,0.916378537584838
0.6522797131147541,0.9154713114754098
0.6471190781049936,0.9106274007682459
0.6546246477068921,0.9155777606968998
0.6540284360189573,0.9157166645318304
0.6519846350832267,0.913572343149808
0.6571428571428571,0.9164638052530429
0.6527421834956433,0.9169656586365966
0.6471190781049936,0.9137003841229193
0.6492059426229508,0.9123975409836066
0.6520235655737705,0.9149590163934426
0.6582618712402406,0.9188531933956227
0.6530481557377049,0.9163678278688525
0.6518177163338453,0.9156426011264721
0.6469082063756241,0.9128152605300217
0.651249199231262,0.9139013452914798
0.652112676056338,0.9149807938540333
0.6510436675630683,0.9139454475605071
0.6505761843790013,0.9147247119078105
0.6537772087067861,0.9158770806658131
0.6549250672473421,0.915844754707314
0.6512938765052524,0.915065334358186
0.6478494623655914,0.9138504864311316
0.6498014602280006,0.915844754707314
0.6554417413572343,0.9161331626120358
0.655609631147541,0.9159836065573771
0.6522797131147541,0.9159836065573771
0.656985670419652,0.9172210849539406
0.6499679692504805,0.9139013452914798
0.6533538146441372,0.916026625704045
0.6501088208936115,0.9129432851107413
0.6554374279492763,0.9162290252337646
0.6488217213114754,0.9138063524590164
0.6506209192164896,0.9149916784022533
0.6508444216990789,0.9151740020470829
0.6491610093505829,0.9136672217240938
0.648738634908439,0.9130490459725957
0.655101779541672,0.9166559979516067
0.6512997823024715,0.9156101933666283
0.6536541661333675,0.9161653654166133
0.655657962109575,0.9148745519713262
0.651689708141321,0.9139784946236559
0.6543288934426229,0.9166239754098361
0.6548411885245902,0.9157274590163934
0.6550134460238187,0.9144576770393136
0.6487836107554418,0.9153649167733675
0.653565484573038,0.9142235309179363
0.6532598949660561,0.9155885743563469
0.6513444302176696,0.9124199743918053
0.65361484325016,0.9147792706333974
0.650236845474331,0.9125592113685828
0.6460494301447048,0.9124087591240876
0.6534767575873992,0.9162504802151363
0.6578778958146678,0.918981185204147
0.6541170444359072,0.9147137917787168
0.6520681265206812,0.9139454475605071
0.6491160645657187,0.9133999487573661
0.6483164767635387,0.9143515554986558
0.6564660691421255,0.9172855313700384
0.6477592829705506,0.9133162612035851
0.6484304932735426,0.9139013452914798
0.6512163892445583,0.9154929577464789
0.6508709016393442,0.9138063524590164
0.6514666325092865,0.9136672217240938
0.6514278396721731,0.9147137917787168
0.6521516393442623,0.9132940573770492
0.6474203046985021,0.9134553834336192
0.6483614951356886,0.9137224782386073
0.6511270491803278,0.9135502049180327
0.6522462562396006,0.9180852425444771
0.6519846350832267,0.9149807938540333
0.6551768323936443,0.9155561250640697
0.6492642354446577,0.9124760076775432
0.6469834763673626,0.9125144101447419
0.6520235655737705,0.915343237704918
0.6509989754098361,0.9149590163934426
0.6490329191750993,0.9159728448827975
0.6529592621060722,0.915065334358186
0.6499359795134443,0.9134443021766966
0.6508200922603793,0.9146591491542798
0.6546734955185659,0.9162612035851473
0.6473448496481126,0.9138835572616762
0.649763093866052,0.914329619669612
0.6494818984265064,0.9160803377254702
0.6457106274007682,0.9119078104993598
0.651812011781278,0.9145857344090152
0.6596235113330772,0.9195799718273787
0.6522351735621877,0.9149481234789292
0.6464413722478238,0.9120583717357911
0.6591112818542707,0.9182993981303624
0.6536441654925067,0.9145638529524786
0.6505638134290108,0.9149154279856484
0.6559098476117301,0.9175310539121526
0.6492957746478873,0.9149807938540333
0.6518177163338453,0.9141065028161802
0.6554374279492763,0.9157166645318304
0.6484825201690357,0.9138173901908054
0.6543336320573551,0.9170400716937652
0.6537772087067861,0.9163892445582587
0.6452356557377049,0.9106045081967213
0.6503326509723644,0.9144063459570113
0.6506656426011265,0.9146185355862775
0.6543241511851378,0.9149263292761051
0.6471944657955419,0.9139123750960799
0.6449878376648317,0.9128152605300217
0.6532650448143406,0.9143405889884764
0.6493789217569471,0.9121526443846844
0.6499359795134443,0.9140845070422535
0.6503648700550506,0.9147356292408142
0.6496798975672216,0.9124199743918053
0.6481434058898847,0.9138284250960307
0.648873527905786,0.9141065028161802
0.6491093169293861,0.9145200563885685
0.6563780737704918,0.9175204918032787
0.6521070833867042,0.9152043038298963
0.649763093866052,0.9150979638878217
0.6527084133691894,0.9176591112818543
0.6531370038412292,0.915236875800256
0.6539003458434738,0.9159728448827975
0.6513890667008065,0.9151197029829727
0.6550576184379001,0.9156209987195902
0.6515112704918032,0.9139344262295082
0.6529592621060722,0.9142966948501153
0.654077582895916,0.9151197029829727
0.6530429212043561,0.9142857142857143
0.6508769683779285,0.9135834080143388
0.6509156101933666,0.914329619669612
0.6512938765052524,0.9142966948501153
0.6499807963128921,0.9151197029829727
0.6482785101753488,0.913989504671701
0.6570258510366009,0.9180957256206809
0.6501472659751568,0.9145857344090152
0.6519733470015376,0.9159405433111225
0.6491610093505829,0.913026770846676
0.6484375,0.9135502049180327
0.6532650448143406,0.9144686299615877
0.6592393392239724,0.919451914457677
0.6510436675630683,0.9152260212575234
0.6494753007422575,0.9132326593294088
0.6554815573770492,0.9181608606557377
0.6501983873032126,0.9148854473313708
0.6491228070175439,0.9125368164937893
0.647247119078105,0.9147247119078105
0.6550928891736066,0.9164638052530429
0.6541073945918237,0.9158016147635525
0.6506147540983607,0.914702868852459
0.6533879851415396,0.9169975662866658
0.6521572141851235,0.9138394571757777
0.6525803559994877,0.9156101933666283
0.6495135688684076,0.9148745519713262
0.6545012165450121,0.9161224228454348
0.6557020350697556,0.9162933572251376
0.6565061475409836,0.9167520491803278
0.649167733674776,0.9133162612035851
0.645281085926495,0.9101037264694584
0.6510883482714469,0.9158770806658131
0.654668886896375,0.9173818368131165
0.6492890995260664,0.9136672217240938
0.6535312180143296,0.9160696008188332
0.6539003458434738,0.916100935058281
0.6542893725992317,0.9143405889884764
0.6510823619828359,0.9141795824260279
0.6530481557377049,0.9150870901639344
0.6495967225707335,0.9133273588528997
0.6483164767635387,0.9116630393035463
0.6559539052496799,0.9166453265044814
0.6555213937996412,0.9166026133743275
0.6501983873032126,0.914501471905798
0.6500640204865556,0.913572343149808
0.6441741357234315,0.9128040973111395
0.6479631053036126,0.9122469894952601
0.652285238765843,0.9146076046600947
0.6543241511851378,0.9150544522741832
0.6511985642866299,0.9155236508139982
0.6514219830899308,0.915065334358186
0.6509603072983354,0.9156209987195902
0.654589681218794,0.9165279733708872
0.6486036382270048,0.9122469894952601
0.6532991672005125,0.9167200512491992
0.6515558970418748,0.9172749391727494
0.6523687580025608,0.9151088348271447
0.6492441711503971,0.9132718421726876
0.6559979516067085,0.9180642683395212
0.6480153649167734,0.9130601792573624
0.6523297491039427,0.9142345110087046
0.6521572141851235,0.9166559979516067
0.647721454173067,0.9116743471582182
0.654668886896375,0.9167413859356988
0.6500192086054553,0.913305160711999
0.6493273542600897,0.913260730301089
0.6504928946357701,0.9149916784022533
0.6510436675630683,0.9130490459725957
0.6541122213681784,0.9155777606968998
0.6508261816318688,0.9140514922505444
0.6510823619828359,0.9141795824260279
0.6463055448841081,0.913305160711999
0.653860929696504,0.9150979638878217
0.6514278396721731,0.9134332180817006
0.6503326509723644,0.9150460593654043
0.6515674984005119,0.9163147792706334
0.6468253968253969,0.9139784946236559
0.6515558970418748,0.9157382507363299
0.6492193498848221,0.9145124136165856
0.6538165983606558,0.9170081967213115
0.6519789932112207,0.9137953118995773
0.6504928946357701,0.9138394571757777
0.651472471190781,0.9147247119078105
0.6483164767635387,0.9135834080143388
0.6512104521583194,0.9143076726015115
0.649077868852459,0.912781762295082
0.648489503328213,0.9141065028161802
0.6539889870662057,0.9144576770393136
0.6485275288092189,0.9130601792573624
0.6491228070175439,0.9147137917787168
0.6537328723268024,0.9172749391727494
0.652029189604404,0.9148636538215338
0.6513773222293402,0.9137732222934016
0.6474276938827745,0.9122088558996673
0.648008197771231,0.9146919431279621
0.6496864200691156,0.9146294637143223
0.6499295504034841,0.9118739592673242
0.6524077868852459,0.9168801229508197
0.6563380281690141,0.9158770806658131
0.6488598513963618,0.9133999487573661
0.6564181398923905,0.9186523187291826
0.6480532786885246,0.9139344262295082
0.6499359795134443,0.9134443021766966
0.656638074510306,0.9176801945973627
0.6525857654889913,0.9148745519713262
0.6456279605684292,0.9119190884649853
0.6449590583418628,0.9121033776867963
0.6463883196721312,0.9117571721311475
0.652112676056338,0.9140845070422535
0.6489116517285531,0.9145966709346991
0.6462602459016393,0.9131659836065574
0.652285238765843,0.9183203175009602
0.6452356557377049,0.914702868852459
0.6519011650236846,0.9149916784022533
0.6536048149571008,0.915354078627225
0.6524077868852459,0.9139344262295082
0.6439636410190757,0.9107668672385097
0.6544616566380745,0.9167840225323262
0.6482785101753488,0.9133495456290798
0.6535604508196722,0.9168801229508197
0.6520235655737705,0.9155993852459017
0.6502690238278247,0.9139123750960799
0.6543383670335295,0.9166879959047863
0.6483094262295082,0.9116290983606558
0.6543684345375352,0.9157058672815783
0.65159472268477,0.9146919431279621
0.6502753233448585,0.9147137917787168
0.6550973360655737,0.9179047131147541
0.6507428278688525,0.9150870901639344
0.6541517170681702,0.9168375192209124
0.6517674180327869,0.9141905737704918
0.6517674180327869,0.9138063524590164
0.6528364707388911,0.9154821359969266
0.6503711287432813,0.9160481187611978
0.6481884521828191,0.9134553834336192
0.6470738891023179,0.9121526443846844
0.6495452798770335,0.9120020494428077
0.6546292739147138,0.9161224228454348
0.6513831967213115,0.914702868852459
0.6518177163338453,0.9137224782386073
0.6529200819672131,0.9152151639344263
0.6468177743629145,0.9115123575361762
0.6508709016393442,0.9135502049180327
0.65504869297796,0.9163249615581753
0.6542008196721312,0.9171362704918032
0.6526639344262295,0.9143186475409836
0.6520681265206812,0.915354078627225
0.64601996416688,0.9128487330432556
0.6537722556679902,0.915844754707314
0.6471265838986305,0.9147574555228465
0.6539889870662057,0.9150979638878217
0.6518954918032787,0.9155993852459017
0.6611168032786885,0.9199538934426229
0.6539889870662057,0.9165065949545397
0.6515616999487968,0.9144905273937532
0.6500192086054553,0.9126648738634908
0.6513831967213115,0.9130379098360656
0.6556138778645499,0.9178082191780822
0.6475556693114922,0.914768364474021
0.6511270491803278,0.9141905737704918
0.6491475451865145,0.9133444430201256
0.651812011781278,0.9180432833909592
0.6501983873032126,0.9157813899910405
0.6540381415589402,0.9161653654166133
0.652285238765843,0.9158878504672897
0.6503648700550506,0.9135834080143388
0.6513056835637481,0.9125704045058883
0.6528470889315419,0.9143953934740883
0.6522797131147541,0.9139344262295082
0.6519846350832267,0.9162612035851473
0.6516954574536148,0.9169545745361485
0.6517616912235746,0.9141575912876362
0.6503971304125032,0.9157058672815783
0.6507936507936508,0.9156426011264721
0.6546734955185659,0.9156209987195902
0.6533487002176975,0.9176591112818543
0.6590268886043534,0.9198463508322663
0.6509542718073523,0.9154604841808633
0.6490396927016645,0.9133162612035851
0.654412706545408,0.9171256564621494
0.6504742373750321,0.9169443732376313
0.6541218637992832,0.9175627240143369
0.6518622808140279,0.9151414309484193
0.6526194440886384,0.9139234020750608
0.6476312419974392,0.9142125480153649
0.6498398462524023,0.913260730301089
0.6538560081988214,0.9154496541122213
0.6514336917562724,0.9133384536610343
0.6468629961587709,0.9125480153649168
0.6536098310291859,0.917178699436764
0.6441741357234315,0.9126760563380282
0.652112676056338,0.9162612035851473
0.6512551229508197,0.9132940573770492
0.6471115665428462,0.9137953118995773
0.6535604508196722,0.9138063524590164
0.6447772657450077,0.9121863799283154
0.6539841147834998,0.9141685882654369
0.6482334869431644,0.9125704045058883
0.6490015360983102,0.9138504864311316
0.6470814132104454,0.9132104454685099
0.6498911512357536,0.9158663081060315
0.6509989754098361,0.9158555327868853
0.6518063028439662,0.9162182936202921
0.6510376633358954,0.9154496541122213
0.653821533734477,0.9162719242094483
0.6504928946357701,0.9138394571757777
0.6516839544115763,0.9148418491484185
0.6474276938827745,0.9132326593294088
0.6494620901639344,0.9132940573770492
0.6579958995386981,0.9173500768836494
0.6536491677336748,0.9169014084507042
0.6527920081967213,0.9132940573770492
0.6527866752081999,0.9137732222934016
0.6527137736815156,0.9144905273937532
0.6514666325092865,0.9141795824260279
0.6497247471514531,0.9137114325950583
0.6465693804403482,0.9129544290834614
0.6469985920901062,0.9137335210546526
0.6542498719918075,0.9174347158218126
0.6464336022538097,0.9120245870149827
0.6527084133691894,0.9165065949545397
0.653742802303263,0.9158029430582214
0.6470738891023179,0.9135612754514022
0.6475105593242032,0.9141174964802252
0.6485205584731651,0.9116177789163571
0.6498847040737894,0.9141685882654369
0.6514336917562724,0.9138504864311316
0.6540679051889814,0.9164638052530429
0.6545454545454545,0.9140845070422535
0.6528809218950063,0.9158770806658131
0.6511330175393676,0.9124311867878633
0.6521961838903829,0.9150979638878217
0.6535604508196722,0.9159836065573771
0.6503971304125032,0.9155777606968998
0.6529253616694405,0.9160158750480092
0.6528364707388911,0.9150979638878217
0.6551415033935203,0.9162504802151363
0.6493789217569471,0.9142015622999103
0.6456733230926779,0.9110343061955966
0.6515616999487968,0.9137224782386073
0.6547969770718586,0.9149481234789292
0.6508709016393442,0.9145747950819673
0.6528756244396055,0.9171256564621494
0.6542056074766355,0.9148636538215338
0.6511210762331838,0.9135169762972454
0.6454999359877096,0.9124311867878633
0.6507428278688525,0.9144467213114754
0.6455744844370437,0.9109773280389394
0.6448598130841121,0.9120471130457047
0.653870761356366,0.9164427383237364
0.6498911512357536,0.9157382507363299
0.6576553491351698,0.9180012812299808
0.6522017409114184,0.9150025601638505
0.6467349551856594,0.9113956466069142
0.6542451018056089,0.9168907670636445
0.6540727459016393,0.9155993852459017
0.6490711082639333,0.9122357463164638
0.648451497312516,0.9141284873304325
0.6499424036861641,0.9148854473313708
0.6530481557377049,0.9176485655737705
0.6444302176696542,0.912291933418694
0.6425003202254387,0.9122582297937748
0.6534374599923185,0.9158878504672897
0.6559497886512105,0.9143076726015115
0.6519457245263697,0.913594470046083
0.6529645281085926,0.9176591112818543
0.6524132633465626,0.9131993342721803
0.6561178731582319,0.915695067264574
0.6527475342641219,0.9153323940053798
0.648738634908439,0.9126648738634908
0.6528809218950063,0.9153649167733675
0.6523352527191298,0.9147792706333974
0.6504928946357701,0.9157598258865702
0.6522017409114184,0.9152585765488991
0.6544174135723432,0.9158770806658131
0.6515112704918032,0.9148309426229508
0.6507042253521127,0.9143405889884764
0.6501857307544512,0.9132829511976431
0.6484445013442581,0.9142235309179363
0.6571099449635224,0.9168053244592346
0.6511270491803278,0.9163678278688525
0.6482264054296325,0.9118965296452811
0.6491228070175439,0.9140735049302088
0.6500576405789676,0.914435762776995
0.6483994878361076,0.9134443021766966
0.6498975934459805,0.9173067076292882
0.6493340163934426,0.9158555327868853
0.6494171897015499,0.9135391315486102
0.6519846350832267,0.9143405889884764
0.655561250640697,0.9168375192209124
0.6533828805740646,0.9145310097385956
0.6521182644310765,0.9173172916933316
0.6534272901985907,0.9146700832799487
0.646606914212548,0.912932138284251
0.6519902726225522,0.9142454882887495
0.6505314380842617,0.914329619669612
0.6565540194572452,0.9169226830517153
0.6504928946357701,0.9153757521444117
0.6528809218950063,0.9174135723431498
0.6473677468938133,0.9139234020750608
0.65231872918268,0.9139123750960799
0.6536491677336748,0.9176696542893726
0.6478043784406606,0.9131993342721803
0.6506085842408712,0.9135169762972454
0.6509156101933666,0.9140735049302088
0.6511776753712237,0.9150025601638505
0.6486555697823303,0.9133162612035851
0.6517342890055037,0.9164213490336618
0.6447233606557377,0.9117571721311475
0.6514278396721731,0.913305160711999
0.6542008196721312,0.9167520491803278
0.6553976181329235,0.9167627096939429
0.6480604276020996,0.9131993342721803
0.6498014602280006,0.9139234020750608
0.6522741832158873,0.915695067264574
0.6498144118776399,0.911941635735313
0.653398182516319,0.9152694227569436
0.6498014602280006,0.9137953118995773
0.6537772087067861,0.9143405889884764
0.6501024590163934,0.9123975409836066
0.6549250672473421,0.9162290252337646
0.6530925854782943,0.9136893328211039
0.6562980030721967,0.916026625704045
0.6473751600512164,0.9128040973111395
0.6557335041639974,0.9160794362588085
0.6455906821963394,0.9116856521182645
0.6512104521583194,0.9141795824260279
0.6527866752081999,0.9145419602818706
0.6514161220043573,0.9156734589260541
0.656890368852459,0.9176485655737705
0.6518177163338453,0.9146185355862775
0.6509989754098361,0.9145747950819673
0.652101486417222,0.9154279856483855
0.6562940197208349,0.9166346523242412
0.6512610421200871,0.9155037767251313
0.6541218637992832,0.916794674859191
0.6490396927016645,0.9143405889884764
0.6579149590163934,0.9181608606557377
0.652029189604404,0.9147356292408142
0.6517731404429651,0.9163999487901677
0.6504866803278688,0.914702868852459
0.6489947496478422,0.914329619669612
0.651812011781278,0.914329619669612
0.6495967225707335,0.9135834080143388
0.6518509030357371,0.9131548610221596
0.6530925854782943,0.9157382507363299
0.6512610421200871,0.9155037767251313
0.6539003458434738,0.914435762776995
0.6532258064516129,0.916026625704045
0.6504543709202611,0.9138615128631767
0.6514336917562724,0.9170506912442397
0.6529200819672131,0.9141905737704918
0.651812011781278,0.9142015622999103
0.6591112818542707,0.9190677423485721
0.6511717249327699,0.9142015622999103
0.6485205584731651,0.9131548610221596
0.6541122213681784,0.916474506789649
0.6495069791266488,0.9125368164937893
0.649718237704918,0.913422131147541
0.6529200819672131,0.9150870901639344
0.650909556751217,0.9128875224186523
0.6495518565941101,0.9144686299615877
0.6459667093469911,0.9128040973111395
0.6491093169293861,0.9141355888760733
0.6511598103293605,0.9142637447135717
0.6520179372197309,0.914029468289558
0.6436251920122887,0.9107782898105479
0.6504804612427931,0.914029468289558
0.6451075819672131,0.9125256147540983
0.6546642747309073,0.9183751922091236
0.6455825864276569,0.9139564660691422
0.6509542718073523,0.9148200333034456
0.6511776753712237,0.9125704045058883
0.6493406734092946,0.9125592113685828
0.6549295774647887,0.9183098591549296
0.6542008196721312,0.9148309426229508
0.6492508643872454,0.9138173901908054
0.6518565941101152,0.9157490396927017
0.654845730380233,0.9167840225323262
0.650909556751217,0.9141685882654369
0.6511330175393676,0.9151197029829727
0.6520625160133231,0.9142966948501153
0.6536885245901639,0.9163678278688525
0.6521961838903829,0.9135612754514022
0.6517285531370038,0.9144686299615877
0.6541218637992832,0.9162826420890937
0.6508648302370276,0.9139013452914798
0.6578745198463508,0.9180537772087067
0.6564220770905366,0.9159943654757331
0.6454999359877096,0.9106388426577903
0.6522741832158873,0.9149263292761051
0.6511717249327699,0.9152260212575234
0.654668886896375,0.9150762136544127
0.6553976181329235,0.9172749391727494
0.6471717430253391,0.9138725364729972
0.6491228070175439,0.9121526443846844
0.6464866248560092,0.9147574555228465
0.6499807963128921,0.9137114325950583
0.6474203046985021,0.9144795800793752
0.6538165983606558,0.9171362704918032
0.6541960281870596,0.9144138372837924
0.6517674180327869,0.9154713114754098
0.6555213937996412,0.9155777606968998
0.6554019457245264,0.9144905273937532
0.6492059426229508,0.9135502049180327
0.6581306017925737,0.9175416133162612
0.6506980914563852,0.9145638529524786
0.6495901639344263,0.9118852459016393
0.6512163892445583,0.9149807938540333
0.6503773826276065,0.9132659588077268
0.6495967225707335,0.9131993342721803
0.6489947496478422,0.913305160711999
0.6479774705581157,0.9138504864311316
0.6504419111054183,0.9143076726015115
0.6504866803278688,0.9150870901639344
0.647887323943662,0.912291933418694
0.6448227313451939,0.9118136439267887
0.6570586728157828,0.9172431462977197
0.6486867392696989,0.9139013452914798
0.6498911512357536,0.9140735049302088
0.6475409836065574,0.9131659836065574
0.6500960922485586,0.9130044843049328
0.6505823627287853,0.9130935620120312
0.6529645281085926,0.9150979638878217
0.653398182516319,0.9168053244592346
0.6460573476702509,0.9116743471582182
0.6574465360481496,0.9157382507363299
0.6497247471514531,0.9157598258865702
0.6520681265206812,0.9152260212575234
0.6535997950294645,0.9148091211888291
0.6534374599923185,0.9163999487901677
0.6508769683779285,0.9158878504672897
0.6495901639344263,0.9138063524590164
0.6507550550294343,0.9159201433324802
0.6510823619828359,0.9155885743563469
0.652112676056338,0.9160051216389244
0.6509869264291207,0.9152781338118431
0.6509929532351058,0.9158231902626521
0.6535160753170232,0.9159728448827975
0.6484375,0.9132940573770492
0.6516508830304582,0.9165600204760685
0.6459213727750032,0.9127929312331925
0.651517091281526,0.9149916784022533
0.6524077868852459,0.9175204918032787
0.6482334869431644,0.9139784946236559
0.6543336320573551,0.9174241454359237
0.6492957746478873,0.9142125480153649
0.6504419111054183,0.913026770846676
0.6456360378807269,0.9134886101868441
0.6500256016385049,0.9147465437788018
0.6515616999487968,0.9157706093189965
0.6525857654889913,0.916410650281618
0.6532154752754291,0.9153215475275429
0.65231872918268,0.9159620804509352
0.6482334869431644,0.9141065028161802
0.6492575524833589,0.9133384536610343
0.6494620901639344,0.9150870901639344
0.6533879851415396,0.9157166645318304
0.6508444216990789,0.9153019447287615
0.647156762295082,0.9136782786885246
0.6481884521828191,0.9142235309179363
0.6516508830304582,0.9152802661888917
0.6499295504034841,0.9149481234789292
0.654412706545408,0.9154604841808633
0.652112676056338,0.9166453265044814
0.6520179372197309,0.9139013452914798
0.6592858057084346,0.9202611032893895
0.6499359795134443,0.9144686299615877
0.65159472268477,0.9123863199692583
0.650748943797209,0.9138394571757777
0.6489497950819673,0.9141905737704918
0.6590239528628155,0.9187908287434354
0.6498975934459805,0.9148745519713262
0.6594110115236875,0.9183098591549296
0.6544569672131147,0.9168801229508197
0.651812011781278,0.9144576770393136
0.6492193498848221,0.9124648067571026
0.6518565941101152,0.9157490396927017
0.6544616566380745,0.9157598258865702
0.6505376344086021,0.9126984126984127
0.6457559851491487,0.9112789655613878
0.6486105775387374,0.9130490459725957
0.6535604508196722,0.9154713114754098
0.6611168032786885,0.9198258196721312
0.6543731591753106,0.9175310539121526
0.6476836447402099,0.9124648067571026
0.6487836107554418,0.9138284250960307
0.6550973360655737,0.9172643442622951
0.6580025608194622,0.9183098591549296
0.6535755404886785,0.9158244850965843
0.657530737704918,0.9177766393442623
0.6545407967208915,0.9155885743563469
0.6486555697823303,0.9143405889884764
0.6600922131147541,0.9185450819672131
0.651165769920574,0.9154496541122213
0.6553976181329235,0.9177871686515559
0.6486105775387374,0.9138173901908054
0.6515558970418748,0.9145857344090152
0.6529697900665643,0.916410650281618
0.6512282497441146,0.9132548618219037
0.6498014602280006,0.9132829511976431
0.6506656426011265,0.9143625192012289
0.6547177057995135,0.9153757521444117
0.6474580612114227,0.9135612754514022
0.6460120343105876,0.9140955063372167
0.6547573312844154,0.9162504802151363
0.6513831967213115,0.9148309426229508
0.6484825201690357,0.9116404149058779
0.6554815573770492,0.9158555327868853
0.6494620901639344,0.9150870901639344
0.6496668375192209,0.9126089185033316
0.6451530285567935,0.9126648738634908
0.6516839544115763,0.9144576770393136
0.649718237704918,0.915343237704918
0.6538560081988214,0.9153215475275429
0.6525358606557377,0.9162397540983607
0.650787552823665,0.9148418491484185
0.6458306647880108,0.9114896887408735
0.6511717249327699,0.9165065949545397
0.6519457245263697,0.9142345110087046
0.6511776753712237,0.9147465437788018
0.6522407170294494,0.9151088348271447
0.6551856594110115,0.915236875800256
0.6492441711503971,0.9137842685114015
0.6510436675630683,0.9152260212575234
0.6514666325092865,0.9145638529524786
0.650236845474331,0.9161438996287287
0.653727901614143,0.9169869331283628
0.6510436675630683,0.915354078627225
0.6546292739147138,0.9154821359969266
0.6535160753170232,0.9159728448827975
0.6550134460238187,0.917402996542451
0.6472019464720195,0.913305160711999
0.6528809218950063,0.915236875800256
0.647887323943662,0.9144686299615877
0.6494753007422575,0.9132326593294088
0.6553976181329235,0.9145857344090152
0.656890368852459,0.9175204918032787
0.649763093866052,0.9149699065181202
0.6508769683779285,0.9163999487901677
0.6589395491803278,0.9180327868852459
0.6517228128602536,0.9154604841808633
0.6526248399487836,0.9157490396927017
0.6481884521828191,0.9138394571757777
0.649167733674776,0.9147247119078105
0.6560819462227913,0.9167733674775929
0.6537772087067861,0.9145966709346991
0.6489633990273868,0.9133606347581265
0.6507042253521127,0.913572343149808
0.6551856594110115,0.9153649167733675
0.6578778958146678,0.9192371688211954
0.6509542718073523,0.9141795824260279
0.6475105593242032,0.9137335210546526
0.6550134460238187,0.9166346523242412
0.6452438868262707,0.9119190884649853
0.6456279605684292,0.9134553834336192
0.656978233034571,0.9176696542893726
0.653003714615089,0.915844754707314
0.654668886896375,0.9155885743563469
0.6483544627993341,0.9120245870149827
0.6545012165450121,0.9158663081060315
0.6550928891736066,0.91736066623959
0.6538954382368016,0.918631471040492
0.6495901639344263,0.9131659836065574
0.6515112704918032,0.9155993852459017
0.6559938524590164,0.9161116803278688
0.6530142070907462,0.9152694227569436
0.647721454173067,0.9148745519713262
0.6571026002305623,0.9175099269886
0.6534818228366616,0.916026625704045
0.6528364707388911,0.9149699065181202
0.6463430254899449,0.9143076726015115
0.6526585522101217,0.9160794362588085
0.6521238485158649,0.9142784032753326
0.6511210762331838,0.9144138372837924
0.651812011781278,0.9144576770393136
0.6510436675630683,0.9150979638878217
0.6503201024327785,0.9151088348271447
0.6551768323936443,0.916709379805228
0.6512997823024715,0.9152260212575234
0.6491992312620115,0.9141575912876362
0.6524077868852459,0.9150870901639344
0.6533879851415396,0.9148200333034456
0.6518063028439662,0.9148091211888291
0.6479702906902293,0.9134332180817006
0.6474129098360656,0.9121413934426229
0.6560819462227913,0.9193341869398207
0.6483544627993341,0.9117684722755794
0.6500576405789676,0.9139234020750608
0.6450704225352113,0.9107554417413573
0.6466820394568281,0.9098129643863695
0.6477141759508259,0.9131771033422974
0.6554374279492763,0.9186627385679519
0.6518063028439662,0.9144248014347938
0.6526248399487836,0.9171574903969271
0.648489503328213,0.9137224782386073
0.655273937532002,0.9176907322068613
0.6520625160133231,0.9149372277735076
0.6507367072389494,0.9150544522741832
0.6454254638515675,0.9111964171465131
0.6498463114754098,0.9131659836065574
0.6488598513963618,0.9145529080194722
0.6534374599923185,0.9135834080143388
0.6486936475409836,0.9130379098360656
0.6491542798564839,0.9128651973347002
0.6508322663252241,0.91651728553137
0.6476690573770492,0.9141905737704918
0.6546734955185659,0.9162612035851473
0.6477141759508259,0.914329619669612
0.6456652580355999,0.9135612754514022
0.6539052496798976,0.9143405889884764
0.6515112704918032,0.9148309426229508
0.6497695852534562,0.9133384536610343
0.653727901614143,0.9162182936202921
0.6478116201689276,0.9141284873304325
0.6466820394568281,0.9149372277735076
0.6534374599923185,0.9152477275636922
0.6481434058898847,0.9133162612035851
0.6510376633358954,0.9135280553420446
0.6505823627287853,0.9141174964802252
0.6495518565941101,0.9140845070422535
0.6529253616694405,0.9139674817564972
0.6465021102442767,0.9125207827087863
0.652029189604404,0.9147356292408142
0.6506533435818601,0.9144248014347938
0.6493722777350756,0.9135280553420446
0.6548411885245902,0.9154713114754098
0.6519846350832267,0.9163892445582587
0.6534767575873992,0.9152260212575234
0.6524967989756723,0.9151088348271447
0.6510436675630683,0.9145857344090152
0.6512551229508197,0.9143186475409836
0.6498463114754098,0.9131659836065574
0.6449878376648317,0.9106388426577903
0.6504419111054183,0.914435762776995
0.6504096262160778,0.9143625192012289
0.6509156101933666,0.9116404149058779
0.6551900678356585,0.9178292589274286
0.6468177743629145,0.9118965296452811
0.6432778489116517,0.91101152368758
0.6485275288092189,0.9134443021766966
0.6500192086054553,0.9149699065181202
0.6510823619828359,0.9143076726015115
0.6455825864276569,0.9108834827144686
0.6512938765052524,0.9141685882654369
0.6554417413572343,0.9171574903969271
0.6498527717321726,0.9131993342721803
0.6537722556679902,0.9167413859356988
0.6506147540983607,0.9140625
0.6512551229508197,0.9152151639344263
0.6506656426011265,0.9150025601638505
0.6541565261944409,0.9159728448827975
0.6468629961587709,0.912932138284251
0.6564660691421255,0.9161331626120358
0.6526248399487836,0.9153649167733675
0.6551459293394777,0.9169226830517153
0.649468697990014,0.9119190884649853
0.6485275288092189,0.9126760563380282
0.6462759150243154,0.9102892244689019
0.6507428278688525,0.914702868852459
0.649910463034024,0.9125095932463546
0.646403890453033,0.9125927821858203
0.6484445013442581,0.9130713096914608
0.6503586065573771,0.9140625
0.647894534749776,0.912965570203507
0.6548808608762491,0.9168588265436843
0.6499807963128921,0.9139674817564972
0.6483614951356886,0.9121863799283154
0.6521572141851235,0.9158878504672897
0.6501024590163934,0.9141905737704918
0.6505376344086021,0.9153865847414234
0.6498527717321726,0.9140955063372167
0.6503201024327785,0.9139564660691422
0.6481434058898847,0.912932138284251
0.6575780849974399,0.9158986175115207
0.6526693125080015,0.9160158750480092
0.6469834763673626,0.9131548610221596
0.6482264054296325,0.9135612754514022
0.6539003458434738,0.9143076726015115
0.644640799077987,0.9117684722755794
0.6562540007681474,0.9174241454359237
0.6552210121716848,0.9186418962203715
0.6538560081988214,0.9146810146041506
0.6459213727750032,0.9117684722755794
0.6525521299731355,0.9158244850965843
0.6509869264291207,0.9138682389130992
0.6516393442622951,0.9159836065573771
0.6498592270284106,0.9129767084719734
0.6506209192164896,0.9143515554986558
0.6499743852459017,0.9126536885245902
0.6467272960163956,0.9121301396182913
0.651338542333803,0.9149481234789292
0.6468177743629145,0.9129209886028941
0.6529253616694405,0.9156318013058508
0.649718237704918,0.9149590163934426
0.650748943797209,0.9138394571757777
0.649673370052517,0.9116177789163571
0.6465163934426229,0.9131659836065574
0.652029189604404,0.9149916784022533
0.6474129098360656,0.9122694672131147
0.6500640204865556,0.913572343149808
0.6533487002176975,0.9157382507363299
0.6510436675630683,0.9157382507363299
0.6483164767635387,0.9126872359493022
0.654969262295082,0.9166239754098361
0.6568464198795952,0.9159728448827975
0.6534374599923185,0.9158878504672897
0.6465770953294946,0.9117082533589251
0.6479252049180327,0.914702868852459
0.6469309462915601,0.9131713554987212
0.6525695245418429,0.9141355888760733
0.6493722777350756,0.9141685882654369
0.6440829918032787,0.9113729508196722
0.6486175115207373,0.9148745519713262
0.6478422333205276,0.9145857344090152
0.6512104521583194,0.9150762136544127
0.6471190781049936,0.9142125480153649
0.6478801075957474,0.9122582297937748
0.6528364707388911,0.9157382507363299
0.6504928946357701,0.9133273588528997
0.6560379049814317,0.9172749391727494
0.6442196901805146,0.9133273588528997
0.6546246477068921,0.9171150397130412
0.6535261743248432,0.9152694227569436
0.6541960281870596,0.9164638052530429
0.6526639344262295,0.9144467213114754
0.6520681265206812,0.9139454475605071
0.6521572141851235,0.9158878504672897
0.652541287927282,0.9158878504672897
0.6433602253809707,0.9113843001664745
0.6451158622455512,0.9116630393035463
0.6504419111054183,0.9122582297937748
0.6528809218950063,0.9149807938540333
0.6499872024571283,0.9128487330432556
0.654969262295082,0.9152151639344263
0.655313700384123,0.9171574903969271
0.6575377527514717,0.9173278730483747
0.6509542718073523,0.9154604841808633
0.6492059426229508,0.9130379098360656
0.6555655181247598,0.9177661073395671
0.6512223217714066,0.9146294637143223
0.649673370052517,0.914435762776995
0.6523242412600845,0.9149699065181202
0.6472922801177826,0.9124311867878633
0.6519513755598209,0.9166986564299424
0.6517285531370038,0.9157490396927017
0.6503648700550506,0.9138394571757777
0.650787552823665,0.914329619669612
0.6533879851415396,0.915844754707314
0.6504356740133265,0.916196822142491
0.6533043032786885,0.9170081967213115
0.648738634908439,0.9127929312331925
0.6480604276020996,0.9131993342721803
0.6501472659751568,0.9158663081060315
0.6503201024327785,0.9147247119078105
0.6504419111054183,0.9126425003202254
0.6560338201383551,0.9162182936202921
0.649763093866052,0.9140735049302088
0.6500192086054553,0.9156101933666283
0.6530533862501601,0.9162719242094483
0.6542451018056089,0.9171468818030478
0.6485205584731651,0.9137953118995773
0.6537328723268024,0.9161224228454348
0.6533879851415396,0.9154604841808633
0.6520235655737705,0.9159836065573771
0.6474203046985021,0.9119190884649853
0.6528364707388911,0.9156101933666283
0.6499743852459017,0.9139344262295082
0.6527475342641219,0.9167413859356988
