Set,index,Path,count,basename,scorer1,scorer2,scorer3
1,82,/Volumes/shared/Research-Groups/Mark-Banfield/Josh_Williams/Fig2_leaf_images/B/Chimeras/Repeat1/1/DSC_0103.TIF,30,DSC_0103.TIF,4,6,3
1,84,/Volumes/shared/Research-Groups/Mark-Banfield/Josh_Williams/Fig2_leaf_images/B/Chimeras/Repeat1/2/DSC_0105.TIF,30,DSC_0105.TIF,4,6,3
1,91,/Volumes/shared/Research-Groups/Mark-Banfield/Josh_Williams/Fig2_leaf_images/B/Chimeras/Repeat1/5/DSC_0112.TIF,30,DSC_0112.TIF,4,6,3
1,18,/Volumes/shared/Research-Groups/Mark-Banfield/Josh_Williams/Raw_Data_Adam/New_data_from_Adam/M1APB_D_C_F_scoring/211117-images/_DSC0170.tif,80,_DSC0170.tif,4,6,3
1,22,/Volumes/shared/Research-Groups/Mark-Banfield/Josh_Williams/Raw_Data_Adam/New_data_from_Adam/i2i3_scoring/210908-images/_DSC8786.tif,64,_DSC8786.tif,4,6,3
1,81,/Volumes/shared/Research-Groups/Mark-Banfield/Josh_Williams/Fig2_leaf_images/B/Chimeras/Beta/DSC_9242.TIF,30,DSC_9242.TIF,4,6,3
1,25,/Volumes/shared/Research-Groups/Mark-Banfield/Josh_Williams/M1R5_M1APB_D_scoring/21-01-2022-images/_DSC1805.tif,128,_DSC1805.tif,4,6,3
1,7,/Volumes/shared/Research-Groups/Mark-Banfield/Josh_Williams/Data_link_test/211106-images/_DSC0024.tif,64,_DSC0024.tif,4,6,3
1,100,/Volumes/shared/Research-Groups/Mark-Banfield/Josh_Williams/Fig2_leaf_images/B/Chimeras/repeat2/4/DSC_0213.TIF,30,DSC_0213.TIF,4,6,3
1,78,/Volumes/shared/Research-Groups/Mark-Banfield/Josh_Williams/Fig2_leaf_images/B/Chimeras/Beta/DSC_9239.TIF,30,DSC_9239.TIF,9,4,6
1,37,/Volumes/shared/Research-Groups/Mark-Banfield/Josh_Williams/M1RGA5_M1APB_APia_scoring/211106-images/_DSC0025-AVRPib.tif,8,_DSC0025-AVRPib.tif,9,4,6
1,55,/Volumes/shared/Research-Groups/Mark-Banfield/Josh_Williams/Piik (DeltaHMA)/2/DSC_3616.tif,30,DSC_3616.tif,9,4,6
1,89,/Volumes/shared/Research-Groups/Mark-Banfield/Josh_Williams/Fig2_leaf_images/B/Chimeras/Repeat1/4/DSC_0110.TIF,30,DSC_0110.TIF,9,4,6
1,0,/Volumes/shared/Research-Groups/Mark-Banfield/Josh_Williams/i2i3_scoring/210908-images/_DSC8785.tif,64,_DSC8785.tif,9,4,6
1,56,/Volumes/shared/Research-Groups/Mark-Banfield/Josh_Williams/Piik (DeltaHMA)/2/DSC_3617.tif,30,DSC_3617.tif,9,4,6
1,58,/Volumes/shared/Research-Groups/Mark-Banfield/Josh_Williams/Fig2_leaf_images/A/HMAswap/MP/1/_DSC1014.TIF,30,_DSC1014.TIF,9,4,6
1,31,/Volumes/shared/Research-Groups/Mark-Banfield/Josh_Williams/M1R5_M1APB_D_scoring/26-01-2022-images/_DSC1646.tif,120,_DSC1646.tif,9,4,6
1,64,/Volumes/shared/Research-Groups/Mark-Banfield/Josh_Williams/Fig2_leaf_images/A/HMAswap/PM/1/_DSC1016.TIF,30,_DSC1016.TIF,9,4,6
1,70,/Volumes/shared/Research-Groups/Mark-Banfield/Josh_Williams/Fig2_leaf_images/B/Chimeras/Beta/DSC_9231.TIF,30,DSC_9231.TIF,9,4,6
1,101,/Volumes/shared/Research-Groups/Mark-Banfield/Josh_Williams/Fig2_leaf_images/B/Chimeras/repeat2/4/DSC_0214.TIF,30,DSC_0214.TIF,9,4,6
1,86,/Volumes/shared/Research-Groups/Mark-Banfield/Josh_Williams/Fig2_leaf_images/B/Chimeras/Repeat1/3/DSC_0107.TIF,30,DSC_0107.TIF,9,4,6
1,54,/Volumes/shared/Research-Groups/Mark-Banfield/Josh_Williams/Piik (DeltaHMA)/2/DSC_3615.tif,30,DSC_3615.tif,9,4,6
1,32,/Volumes/shared/Research-Groups/Mark-Banfield/Josh_Williams/M1R5_M1APB_D_scoring/26-01-2022-images/_DSC1647.tif,128,_DSC1647.tif,10,9,4
1,104,/Volumes/shared/Research-Groups/Mark-Banfield/Josh_Williams/Fig2_leaf_images/B/Chimeras/repeat2/6/DSC_0217.TIF,30,DSC_0217.TIF,10,9,4
1,67,/Volumes/shared/Research-Groups/Mark-Banfield/Josh_Williams/Fig2_leaf_images/A/HMAswap/PM/2/_DSC1160.TIF,30,_DSC1160.TIF,10,9,4
1,8,/Volumes/shared/Research-Groups/Mark-Banfield/Josh_Williams/Data_link_test/211106-images/_DSC0023.tif,64,_DSC0023.tif,10,9,4
1,57,/Volumes/shared/Research-Groups/Mark-Banfield/Josh_Williams/Piik (DeltaHMA)/2/DSC_3618.tif,30,DSC_3618.tif,10,9,4
1,14,/Volumes/shared/Research-Groups/Mark-Banfield/Josh_Williams/Raw_Data_Adam/Rescored/APB_DCF/_DSC9859.tif,56,_DSC9859.tif,10,9,4
1,96,/Volumes/shared/Research-Groups/Mark-Banfield/Josh_Williams/Fig2_leaf_images/B/Chimeras/repeat2/2/DSC_0209.TIF,30,DSC_0209.TIF,10,9,4
1,4,/Volumes/shared/Research-Groups/Mark-Banfield/Josh_Williams/Data_link_test/211117-images/_DSC0175.tif,112,_DSC0175.tif,10,9,4
1,103,/Volumes/shared/Research-Groups/Mark-Banfield/Josh_Williams/Fig2_leaf_images/B/Chimeras/repeat2/5/DSC_0216.TIF,30,DSC_0216.TIF,2,10,9
1,59,/Volumes/shared/Research-Groups/Mark-Banfield/Josh_Williams/Fig2_leaf_images/A/HMAswap/MP/1/_DSC1015.TIF,30,_DSC1015.TIF,2,10,9
1,29,/Volumes/shared/Research-Groups/Mark-Banfield/Josh_Williams/M1R5_M1APB_D_scoring/22-09-2021-images/_DSC9260.tif,80,_DSC9260.tif,2,10,9
1,17,/Volumes/shared/Research-Groups/Mark-Banfield/Josh_Williams/Raw_Data_Adam/New_data_from_Adam/M1APB_D_C_F_scoring/21012022-images/_DSC1648.tif,128,_DSC1648.tif,2,10,9
1,83,/Volumes/shared/Research-Groups/Mark-Banfield/Josh_Williams/Fig2_leaf_images/B/Chimeras/Repeat1/1/DSC_0104.TIF,30,DSC_0104.TIF,2,10,9
1,38,/Volumes/shared/Research-Groups/Mark-Banfield/Josh_Williams/M1RGA5_M1APB_APia_scoring/211028-images/_DSC9854.tif,40,_DSC9854.tif,2,10,9
1,48,/Volumes/shared/Research-Groups/Mark-Banfield/Josh_Williams/Piik (DeltaHMA)/1/_DSC0770.tif,30,_DSC0770.tif,2,10,9
1,24,/Volumes/shared/Research-Groups/Mark-Banfield/Josh_Williams/Raw_Data_Adam/New_data_from_Adam/i2i3_scoring/210908-images/_DSC8788.tif,64,_DSC8788.tif,2,10,9
1,61,/Volumes/shared/Research-Groups/Mark-Banfield/Josh_Williams/Fig2_leaf_images/A/HMAswap/MP/2/_DSC1158.TIF,30,_DSC1158.TIF,2,10,9
1,52,/Volumes/shared/Research-Groups/Mark-Banfield/Josh_Williams/Piik (DeltaHMA)/2/DSC_3613.tif,30,DSC_3613.tif,2,10,9
1,90,/Volumes/shared/Research-Groups/Mark-Banfield/Josh_Williams/Fig2_leaf_images/B/Chimeras/Repeat1/5/DSC_0111.TIF,30,DSC_0111.TIF,8,2,10
1,99,/Volumes/shared/Research-Groups/Mark-Banfield/Josh_Williams/Fig2_leaf_images/B/Chimeras/repeat2/3/DSC_0212.TIF,30,DSC_0212.TIF,8,2,10
1,63,/Volumes/shared/Research-Groups/Mark-Banfield/Josh_Williams/Fig2_leaf_images/A/HMAswap/MP/3/_DSC1333.TIF,30,_DSC1333.TIF,8,2,10
1,87,/Volumes/shared/Research-Groups/Mark-Banfield/Josh_Williams/Fig2_leaf_images/B/Chimeras/Repeat1/3/DSC_0108.TIF,30,DSC_0108.TIF,8,2,10
1,43,/Volumes/shared/Research-Groups/Mark-Banfield/Josh_Williams/Piik (DeltaHMA)/1/_DSC0765.tif,30,_DSC0765.tif,8,2,10
1,39,/Volumes/shared/Research-Groups/Mark-Banfield/Josh_Williams/M1RGA5_M1APB_APia_scoring/211028-images/_DSC9856.tif,40,_DSC9856.tif,8,2,10
1,76,/Volumes/shared/Research-Groups/Mark-Banfield/Josh_Williams/Fig2_leaf_images/B/Chimeras/Beta/DSC_9237.TIF,30,DSC_9237.TIF,8,2,10
1,13,/Volumes/shared/Research-Groups/Mark-Banfield/Josh_Williams/Raw_Data_Adam/Rescored/APB_DCF/_DSC9858.tif,64,_DSC9858.tif,8,2,10
1,95,/Volumes/shared/Research-Groups/Mark-Banfield/Josh_Williams/Fig2_leaf_images/B/Chimeras/repeat2/1/DSC_0208.TIF,30,DSC_0208.TIF,8,2,10
1,30,/Volumes/shared/Research-Groups/Mark-Banfield/Josh_Williams/M1R5_M1APB_D_scoring/22-09-2021-images/_DSC9261.tif,80,_DSC9261.tif,8,2,10
1,2,/Volumes/shared/Research-Groups/Mark-Banfield/Josh_Williams/i2i3_scoring/210908-images/_DSC8787.tif,56,_DSC8787.tif,8,2,10
1,42,/Volumes/shared/Research-Groups/Mark-Banfield/Josh_Williams/Piik (DeltaHMA)/1/_DSC0764.tif,30,_DSC0764.tif,8,2,10
1,6,/Volumes/shared/Research-Groups/Mark-Banfield/Josh_Williams/Data_link_test/211111-images/_DSC0139.tif,64,_DSC0139.tif,5,8,2
1,5,/Volumes/shared/Research-Groups/Mark-Banfield/Josh_Williams/Data_link_test/211111-images/_DSC0138.tif,64,_DSC0138.tif,5,8,2
1,62,/Volumes/shared/Research-Groups/Mark-Banfield/Josh_Williams/Fig2_leaf_images/A/HMAswap/MP/3/_DSC1332.TIF,30,_DSC1332.TIF,5,8,2
1,79,/Volumes/shared/Research-Groups/Mark-Banfield/Josh_Williams/Fig2_leaf_images/B/Chimeras/Beta/DSC_9240.TIF,30,DSC_9240.TIF,5,8,2
1,80,/Volumes/shared/Research-Groups/Mark-Banfield/Josh_Williams/Fig2_leaf_images/B/Chimeras/Beta/DSC_9241.TIF,30,DSC_9241.TIF,5,8,2
1,102,/Volumes/shared/Research-Groups/Mark-Banfield/Josh_Williams/Fig2_leaf_images/B/Chimeras/repeat2/5/DSC_0215.TIF,30,DSC_0215.TIF,5,8,2
1,105,/Volumes/shared/Research-Groups/Mark-Banfield/Josh_Williams/Fig2_leaf_images/B/Chimeras/repeat2/6/DSC_0218.TIF,30,DSC_0218.TIF,5,8,2
1,50,/Volumes/shared/Research-Groups/Mark-Banfield/Josh_Williams/Piik (DeltaHMA)/2/DSC_3611.tif,30,DSC_3611.tif,5,8,2
1,46,/Volumes/shared/Research-Groups/Mark-Banfield/Josh_Williams/Piik (DeltaHMA)/1/_DSC0768.tif,30,_DSC0768.tif,5,8,2
1,68,/Volumes/shared/Research-Groups/Mark-Banfield/Josh_Williams/Fig2_leaf_images/A/HMAswap/PM/3/_DSC1334.TIF,30,_DSC1334.TIF,5,8,2
1,65,/Volumes/shared/Research-Groups/Mark-Banfield/Josh_Williams/Fig2_leaf_images/A/HMAswap/PM/1/_DSC1017.TIF,30,_DSC1017.TIF,5,8,2
1,27,/Volumes/shared/Research-Groups/Mark-Banfield/Josh_Williams/M1R5_M1APB_D_scoring/22-09-2021-images/_DSC9258.tif,80,_DSC9258.tif,5,8,2
1,45,/Volumes/shared/Research-Groups/Mark-Banfield/Josh_Williams/Piik (DeltaHMA)/1/_DSC0767.tif,30,_DSC0767.tif,3,5,8
1,74,/Volumes/shared/Research-Groups/Mark-Banfield/Josh_Williams/Fig2_leaf_images/B/Chimeras/Beta/DSC_9235.TIF,30,DSC_9235.TIF,3,5,8
1,88,/Volumes/shared/Research-Groups/Mark-Banfield/Josh_Williams/Fig2_leaf_images/B/Chimeras/Repeat1/4/DSC_0109.TIF,30,DSC_0109.TIF,3,5,8
1,97,/Volumes/shared/Research-Groups/Mark-Banfield/Josh_Williams/Fig2_leaf_images/B/Chimeras/repeat2/2/DSC_0210.TIF,30,DSC_0210.TIF,3,5,8
1,26,/Volumes/shared/Research-Groups/Mark-Banfield/Josh_Williams/M1R5_M1APB_D_scoring/21-01-2022-images/_DSC1804.tif,128,_DSC1804.tif,3,5,8
1,98,/Volumes/shared/Research-Groups/Mark-Banfield/Josh_Williams/Fig2_leaf_images/B/Chimeras/repeat2/3/DSC_0211.TIF,30,DSC_0211.TIF,3,5,8
1,51,/Volumes/shared/Research-Groups/Mark-Banfield/Josh_Williams/Piik (DeltaHMA)/2/DSC_3612.tif,30,DSC_3612.tif,3,5,8
1,53,/Volumes/shared/Research-Groups/Mark-Banfield/Josh_Williams/Piik (DeltaHMA)/2/DSC_3614.tif,30,DSC_3614.tif,3,5,8
1,73,/Volumes/shared/Research-Groups/Mark-Banfield/Josh_Williams/Fig2_leaf_images/B/Chimeras/Beta/DSC_9234.TIF,30,DSC_9234.TIF,3,5,8
1,72,/Volumes/shared/Research-Groups/Mark-Banfield/Josh_Williams/Fig2_leaf_images/B/Chimeras/Beta/DSC_9233.TIF,30,DSC_9233.TIF,3,5,8
1,92,/Volumes/shared/Research-Groups/Mark-Banfield/Josh_Williams/Fig2_leaf_images/B/Chimeras/Repeat1/6/DSC_0113.TIF,30,DSC_0113.TIF,3,5,8
1,47,/Volumes/shared/Research-Groups/Mark-Banfield/Josh_Williams/Piik (DeltaHMA)/1/_DSC0769.tif,30,_DSC0769.tif,3,5,8
1,75,/Volumes/shared/Research-Groups/Mark-Banfield/Josh_Williams/Fig2_leaf_images/B/Chimeras/Beta/DSC_9236.TIF,30,DSC_9236.TIF,3,5,8
1,49,/Volumes/shared/Research-Groups/Mark-Banfield/Josh_Williams/Piik (DeltaHMA)/1/_DSC0771.tif,30,_DSC0771.tif,6,3,5
1,44,/Volumes/shared/Research-Groups/Mark-Banfield/Josh_Williams/Piik (DeltaHMA)/1/_DSC0766.tif,30,_DSC0766.tif,6,3,5
1,60,/Volumes/shared/Research-Groups/Mark-Banfield/Josh_Williams/Fig2_leaf_images/A/HMAswap/MP/2/_DSC1157.TIF,30,_DSC1157.TIF,6,3,5
1,40,/Volumes/shared/Research-Groups/Mark-Banfield/Josh_Williams/M1RGA5_M1APB_APia_scoring/211028-images/_DSC9857.tif,20,_DSC9857.tif,6,3,5
1,94,/Volumes/shared/Research-Groups/Mark-Banfield/Josh_Williams/Fig2_leaf_images/B/Chimeras/repeat2/1/DSC_0207.TIF,30,DSC_0207.TIF,6,3,5
1,69,/Volumes/shared/Research-Groups/Mark-Banfield/Josh_Williams/Fig2_leaf_images/A/HMAswap/PM/3/_DSC1335.TIF,30,_DSC1335.TIF,6,3,5
1,28,/Volumes/shared/Research-Groups/Mark-Banfield/Josh_Williams/M1R5_M1APB_D_scoring/22-09-2021-images/_DSC9259.tif,80,_DSC9259.tif,6,3,5
1,66,/Volumes/shared/Research-Groups/Mark-Banfield/Josh_Williams/Fig2_leaf_images/A/HMAswap/PM/2/_DSC1159.TIF,30,_DSC1159.TIF,6,3,5
1,77,/Volumes/shared/Research-Groups/Mark-Banfield/Josh_Williams/Fig2_leaf_images/B/Chimeras/Beta/DSC_9238.TIF,30,DSC_9238.TIF,6,3,5
1,85,/Volumes/shared/Research-Groups/Mark-Banfield/Josh_Williams/Fig2_leaf_images/B/Chimeras/Repeat1/2/DSC_0106.TIF,30,DSC_0106.TIF,6,3,5
1,71,/Volumes/shared/Research-Groups/Mark-Banfield/Josh_Williams/Fig2_leaf_images/B/Chimeras/Beta/DSC_9232.TIF,30,DSC_9232.TIF,6,3,5
1,93,/Volumes/shared/Research-Groups/Mark-Banfield/Josh_Williams/Fig2_leaf_images/B/Chimeras/Repeat1/6/DSC_0114.TIF,30,DSC_0114.TIF,6,3,5
2,18,/Volumes/shared/Research-Groups/Mark-Banfield/Josh_Williams/Juan_Marina_NKKE_eLife_2019/Figures/Section IV/Cell death assay NK AVR mutants/1/E/DSC_7587.TIF,30,DSC_7587.TIF,4,9,10
2,90,/Volumes/shared/Research-Groups/Mark-Banfield/Josh_Williams/maidement-et-al-2023_cell-death-assays/S258E/rep2_2018-07-06/DSC_6338.tif,30,DSC_6338.tif,4,9,10
2,37,/Volumes/shared/Research-Groups/Mark-Banfield/Josh_Williams/maidement-et-al-2023_cell-death-assays/D224/rep2_2018-01-26/_DSC8106.tif,30,_DSC8106.tif,4,9,10
2,80,/Volumes/shared/Research-Groups/Mark-Banfield/Josh_Williams/maidement-et-al-2023_cell-death-assays/PPS7S/rep1_2017-08-11/DSC_9228_s1.TIF,30,DSC_9228_s1.TIF,4,9,10
2,107,/Volumes/shared/Research-Groups/Mark-Banfield/Josh_Williams/maidement-et-al-2023_cell-death-assays/SNKEKE_C/rep3_2017-11-17/DSC_1344.tif,30,DSC_1344.tif,4,9,10
2,87,/Volumes/shared/Research-Groups/Mark-Banfield/Josh_Williams/maidement-et-al-2023_cell-death-assays/S258E/rep1_2018-06-08/_DSC2691.tif,30,_DSC2691.tif,4,9,10
2,25,/Volumes/shared/Research-Groups/Mark-Banfield/Josh_Williams/Juan_Marina_NKKE_eLife_2019/Figures/Section IV/Cell death assay NK AVR mutants/2/E/DSC_7494.TIF,30,DSC_7494.TIF,4,9,10
2,55,/Volumes/shared/Research-Groups/Mark-Banfield/Josh_Williams/maidement-et-al-2023_cell-death-assays/PPS7P_AE/rep3_2022-10-21/_DSC7359.tif,60,_DSC7359.tif,4,9,10
2,7,/Volumes/shared/Research-Groups/Mark-Banfield/Josh_Williams/Juan_Marina_NKKE_eLife_2019/Figures/Section I/Figure/Cell death assay WT NK AVR alleles/Cell death/2/_DSC3537.TIF,30,_DSC3537.TIF,4,9,10
2,26,/Volumes/shared/Research-Groups/Mark-Banfield/Josh_Williams/Juan_Marina_NKKE_eLife_2019/Figures/Section IV/Cell death assay NK AVR mutants/3/A/DSC_7708.TIF,30,DSC_7708.TIF,4,9,10
2,115,/Volumes/shared/Research-Groups/Mark-Banfield/Josh_Williams/maidement-et-al-2023_cell-death-assays/SNKEKE_F/rep2_2018-04-27/DSC_4538.TIF,30,DSC_4538.TIF,4,9,10
2,17,/Volumes/shared/Research-Groups/Mark-Banfield/Josh_Williams/Juan_Marina_NKKE_eLife_2019/Figures/Section IV/Cell death assay NK AVR mutants/1/D/DSC_7586.TIF,30,DSC_7586.TIF,4,9,10
2,29,/Volumes/shared/Research-Groups/Mark-Banfield/Josh_Williams/Juan_Marina_NKKE_eLife_2019/Figures/Section IV/Cell death assay NK AVR mutants/3/D/DSC_7711.TIF,30,DSC_7711.TIF,4,9,10
2,63,/Volumes/shared/Research-Groups/Mark-Banfield/Josh_Williams/maidement-et-al-2023_cell-death-assays/PPS7P_C/rep3_2017-11-17/DSC_1348.tif,30,DSC_1348.tif,4,9,10
2,54,/Volumes/shared/Research-Groups/Mark-Banfield/Josh_Williams/maidement-et-al-2023_cell-death-assays/PPS7P_AE/rep2_2022-10-14/DSC_1593.tif,60,DSC_1593.tif,1,4,9
2,57,/Volumes/shared/Research-Groups/Mark-Banfield/Josh_Williams/maidement-et-al-2023_cell-death-assays/PPS7P_C/rep1_2017-10-20/DSC_0808.tif,30,DSC_0808.tif,1,4,9
2,81,/Volumes/shared/Research-Groups/Mark-Banfield/Josh_Williams/maidement-et-al-2023_cell-death-assays/PPS7S/rep2_2018-01-19/_DSC7621.tif,30,_DSC7621.tif,1,4,9
2,68,/Volumes/shared/Research-Groups/Mark-Banfield/Josh_Williams/maidement-et-al-2023_cell-death-assays/PPS7P_F/rep1_2018-04-13/DSC_4392.TIF,30,DSC_4392.TIF,1,4,9
2,66,/Volumes/shared/Research-Groups/Mark-Banfield/Josh_Williams/maidement-et-al-2023_cell-death-assays/PPS7P_C/rep3_2017-11-17/DSC_1351.tif,30,DSC_1351.tif,1,4,9
2,38,/Volumes/shared/Research-Groups/Mark-Banfield/Josh_Williams/maidement-et-al-2023_cell-death-assays/D224/rep3_2018-02-02/DSC_2827.TIF,30,DSC_2827.TIF,1,4,9
2,85,/Volumes/shared/Research-Groups/Mark-Banfield/Josh_Williams/maidement-et-al-2023_cell-death-assays/S258E/rep1_2018-06-08/_DSC2689.tif,30,_DSC2689.tif,1,4,9
2,45,/Volumes/shared/Research-Groups/Mark-Banfield/Josh_Williams/maidement-et-al-2023_cell-death-assays/Ploop_MHD/rep2_2019-05-08/DSC_2452.tif,30,DSC_2452.tif,1,4,9
2,61,/Volumes/shared/Research-Groups/Mark-Banfield/Josh_Williams/maidement-et-al-2023_cell-death-assays/PPS7P_C/rep2_2017-11-10/DSC_1179.tif,30,DSC_1179.tif,1,4,9
2,56,/Volumes/shared/Research-Groups/Mark-Banfield/Josh_Williams/maidement-et-al-2023_cell-death-assays/PPS7P_C/rep1_2017-10-20/DSC_0807.tif,30,DSC_0807.tif,1,4,9
2,35,/Volumes/shared/Research-Groups/Mark-Banfield/Josh_Williams/maidement-et-al-2023_cell-death-assays/D224/rep1_2018-01-19/_DSC7624.tif,30,_DSC7624.tif,1,4,9
2,19,/Volumes/shared/Research-Groups/Mark-Banfield/Josh_Williams/Juan_Marina_NKKE_eLife_2019/Figures/Section IV/Cell death assay NK AVR mutants/1/E/DSC_7588.TIF,30,DSC_7588.TIF,1,4,9
2,93,/Volumes/shared/Research-Groups/Mark-Banfield/Josh_Williams/maidement-et-al-2023_cell-death-assays/S258E/rep3_2018-07-14/DSC_6617.tif,30,DSC_6617.tif,1,4,9
2,114,/Volumes/shared/Research-Groups/Mark-Banfield/Josh_Williams/maidement-et-al-2023_cell-death-assays/SNKEKE_F/rep1_2018-04-13/DSC_4390.TIF,30,DSC_4390.TIF,1,4,9
2,105,/Volumes/shared/Research-Groups/Mark-Banfield/Josh_Williams/maidement-et-al-2023_cell-death-assays/SNKEKE_C/rep2_2017-11-10/DSC_1175.tif,30,DSC_1175.tif,8,1,4
2,15,/Volumes/shared/Research-Groups/Mark-Banfield/Josh_Williams/Juan_Marina_NKKE_eLife_2019/Figures/Section IV/Cell death assay NK AVR mutants/1/A/DSC_7584.TIF,30,DSC_7584.TIF,8,1,4
2,100,/Volumes/shared/Research-Groups/Mark-Banfield/Josh_Williams/maidement-et-al-2023_cell-death-assays/SNKEKE_C/rep1_2017-10-20/DSC_0804.tif,30,DSC_0804.tif,8,1,4
2,101,/Volumes/shared/Research-Groups/Mark-Banfield/Josh_Williams/maidement-et-al-2023_cell-death-assays/SNKEKE_C/rep1_2017-10-20/DSC_0805.tif,30,DSC_0805.tif,8,1,4
2,97,/Volumes/shared/Research-Groups/Mark-Banfield/Josh_Williams/maidement-et-al-2023_cell-death-assays/SNKEKE_AE/rep2_2022-10-14/DSC_1592.tif,60,DSC_1592.tif,8,1,4
2,77,/Volumes/shared/Research-Groups/Mark-Banfield/Josh_Williams/maidement-et-al-2023_cell-death-assays/PPS7P_F/rep3_2018-09-19/DSC_8269.tif,30,DSC_8269.tif,8,1,4
2,33,/Volumes/shared/Research-Groups/Mark-Banfield/Josh_Williams/Juan_Marina_NKKE_eLife_2019/Figures/Section IV/Cell death assay NK AVR mutants/NK E53/DSC_7811.tif,16,DSC_7811.tif,8,1,4
2,72,/Volumes/shared/Research-Groups/Mark-Banfield/Josh_Williams/maidement-et-al-2023_cell-death-assays/PPS7P_F/rep2_2018-04-27/DSC_4543.TIF,30,DSC_4543.TIF,8,1,4
2,53,/Volumes/shared/Research-Groups/Mark-Banfield/Josh_Williams/maidement-et-al-2023_cell-death-assays/PPS7P_AE/rep1_2022-10-07/DSC_1556.tif,60,DSC_1556.tif,8,1,4
2,2,/Volumes/shared/Research-Groups/Mark-Banfield/Josh_Williams/Juan_Marina_NKKE_eLife_2019/Figures/Section I/Figure/Cell death assay WT NK AVR alleles/Cell death/1/_DSC3042.TIF,30,_DSC3042.TIF,8,1,4
2,21,/Volumes/shared/Research-Groups/Mark-Banfield/Josh_Williams/Juan_Marina_NKKE_eLife_2019/Figures/Section IV/Cell death assay NK AVR mutants/2/A/DSC_7490.TIF,30,DSC_7490.TIF,8,1,4
2,28,/Volumes/shared/Research-Groups/Mark-Banfield/Josh_Williams/Juan_Marina_NKKE_eLife_2019/Figures/Section IV/Cell death assay NK AVR mutants/3/D/DSC_7710.TIF,30,DSC_7710.TIF,8,1,4
2,58,/Volumes/shared/Research-Groups/Mark-Banfield/Josh_Williams/maidement-et-al-2023_cell-death-assays/PPS7P_C/rep1_2017-10-20/DSC_0810.tif,30,DSC_0810.tif,8,1,4
2,52,/Volumes/shared/Research-Groups/Mark-Banfield/Josh_Williams/maidement-et-al-2023_cell-death-assays/Ploop_MHD/rep3_2019-05-22/DSC_2871.tif,8,DSC_2871.tif,2,8,1
2,120,/Volumes/shared/Research-Groups/Mark-Banfield/Josh_Williams/maidement-et-al-2023_cell-death-assays/SNKEKE_F/rep3_2018-09-19/DSC_8264.tif,30,DSC_8264.tif,2,8,1
2,60,/Volumes/shared/Research-Groups/Mark-Banfield/Josh_Williams/maidement-et-al-2023_cell-death-assays/PPS7P_C/rep2_2017-11-10/DSC_1178.tif,30,DSC_1178.tif,2,8,1
2,119,/Volumes/shared/Research-Groups/Mark-Banfield/Josh_Williams/maidement-et-al-2023_cell-death-assays/SNKEKE_F/rep3_2018-09-19/DSC_8263.tif,30,DSC_8263.tif,2,8,1
2,82,/Volumes/shared/Research-Groups/Mark-Banfield/Josh_Williams/maidement-et-al-2023_cell-death-assays/PPS7S/rep2_2018-01-19/_DSC7622.tif,30,_DSC7622.tif,2,8,1
2,16,/Volumes/shared/Research-Groups/Mark-Banfield/Josh_Williams/Juan_Marina_NKKE_eLife_2019/Figures/Section IV/Cell death assay NK AVR mutants/1/D/DSC_7585.TIF,30,DSC_7585.TIF,2,8,1
2,65,/Volumes/shared/Research-Groups/Mark-Banfield/Josh_Williams/maidement-et-al-2023_cell-death-assays/PPS7P_C/rep3_2017-11-17/DSC_1350.tif,30,DSC_1350.tif,2,8,1
2,111,/Volumes/shared/Research-Groups/Mark-Banfield/Josh_Williams/maidement-et-al-2023_cell-death-assays/SNKEKE_F/rep1_2018-04-13/DSC_4387.TIF,30,DSC_4387.TIF,2,8,1
2,122,/Volumes/shared/Research-Groups/Mark-Banfield/Josh_Williams/maidement-et-al-2023_cell-death-assays/SNKEKE_F/rep3_2018-09-19/DSC_8266.tif,30,DSC_8266.tif,2,8,1
2,73,/Volumes/shared/Research-Groups/Mark-Banfield/Josh_Williams/maidement-et-al-2023_cell-death-assays/PPS7P_F/rep2_2018-04-27/DSC_4545.TIF,30,DSC_4545.TIF,2,8,1
2,62,/Volumes/shared/Research-Groups/Mark-Banfield/Josh_Williams/maidement-et-al-2023_cell-death-assays/PPS7P_C/rep2_2017-11-10/DSC_1180.tif,30,DSC_1180.tif,2,8,1
2,30,/Volumes/shared/Research-Groups/Mark-Banfield/Josh_Williams/Juan_Marina_NKKE_eLife_2019/Figures/Section IV/Cell death assay NK AVR mutants/3/E/DSC_7712.TIF,30,DSC_7712.TIF,2,8,1
2,116,/Volumes/shared/Research-Groups/Mark-Banfield/Josh_Williams/maidement-et-al-2023_cell-death-assays/SNKEKE_F/rep2_2018-04-27/DSC_4539.TIF,30,DSC_4539.TIF,2,8,1
2,64,/Volumes/shared/Research-Groups/Mark-Banfield/Josh_Williams/maidement-et-al-2023_cell-death-assays/PPS7P_C/rep3_2017-11-17/DSC_1349.tif,30,DSC_1349.tif,2,8,1
2,10,/Volumes/shared/Research-Groups/Mark-Banfield/Josh_Williams/Juan_Marina_NKKE_eLife_2019/Figures/Section I/Figure/Cell death assay WT NK AVR alleles/Cell death/3/DSC_5086.TIF,30,DSC_5086.TIF,2,8,1
2,118,/Volumes/shared/Research-Groups/Mark-Banfield/Josh_Williams/maidement-et-al-2023_cell-death-assays/SNKEKE_F/rep2_2018-04-27/DSC_4541.TIF,30,DSC_4541.TIF,3,2,8
2,92,/Volumes/shared/Research-Groups/Mark-Banfield/Josh_Williams/maidement-et-al-2023_cell-death-assays/S258E/rep2_2018-07-06/DSC_6340.tif,30,DSC_6340.tif,3,2,8
2,3,/Volumes/shared/Research-Groups/Mark-Banfield/Josh_Williams/Juan_Marina_NKKE_eLife_2019/Figures/Section I/Figure/Cell death assay WT NK AVR alleles/Cell death/1/_DSC3043.TIF,36,_DSC3043.TIF,3,2,8
2,78,/Volumes/shared/Research-Groups/Mark-Banfield/Josh_Williams/maidement-et-al-2023_cell-death-assays/PPS7P_F/rep3_2018-09-19/DSC_8270.tif,30,DSC_8270.tif,3,2,8
2,89,/Volumes/shared/Research-Groups/Mark-Banfield/Josh_Williams/maidement-et-al-2023_cell-death-assays/S258E/rep2_2018-07-06/DSC_6337.tif,30,DSC_6337.tif,3,2,8
2,40,/Volumes/shared/Research-Groups/Mark-Banfield/Josh_Williams/maidement-et-al-2023_cell-death-assays/Ploop_MHD/rep1_2019-05-03/DSC_2394.tif,30,DSC_2394.tif,3,2,8
2,4,/Volumes/shared/Research-Groups/Mark-Banfield/Josh_Williams/Juan_Marina_NKKE_eLife_2019/Figures/Section I/Figure/Cell death assay WT NK AVR alleles/Cell death/1/_DSC3044.TIF,30,_DSC3044.TIF,3,2,8
2,109,/Volumes/shared/Research-Groups/Mark-Banfield/Josh_Williams/maidement-et-al-2023_cell-death-assays/SNKEKE_C/rep3_2017-11-17/DSC_1346.tif,30,DSC_1346.tif,3,2,8
2,106,/Volumes/shared/Research-Groups/Mark-Banfield/Josh_Williams/maidement-et-al-2023_cell-death-assays/SNKEKE_C/rep2_2017-11-10/DSC_1176.tif,30,DSC_1176.tif,3,2,8
2,42,/Volumes/shared/Research-Groups/Mark-Banfield/Josh_Williams/maidement-et-al-2023_cell-death-assays/Ploop_MHD/rep1_2019-05-03/DSC_2396.tif,30,DSC_2396.tif,3,2,8
2,112,/Volumes/shared/Research-Groups/Mark-Banfield/Josh_Williams/maidement-et-al-2023_cell-death-assays/SNKEKE_F/rep1_2018-04-13/DSC_4388.TIF,30,DSC_4388.TIF,3,2,8
2,46,/Volumes/shared/Research-Groups/Mark-Banfield/Josh_Williams/maidement-et-al-2023_cell-death-assays/Ploop_MHD/rep2_2019-05-08/DSC_2453.tif,30,DSC_2453.tif,3,2,8
2,84,/Volumes/shared/Research-Groups/Mark-Banfield/Josh_Williams/maidement-et-al-2023_cell-death-assays/PPS7S/rep3_2018-01-26/_DSC8104.tif,30,_DSC8104.tif,3,2,8
2,24,/Volumes/shared/Research-Groups/Mark-Banfield/Josh_Williams/Juan_Marina_NKKE_eLife_2019/Figures/Section IV/Cell death assay NK AVR mutants/2/E/DSC_7493.TIF,30,DSC_7493.TIF,3,2,8
2,0,/Volumes/shared/Research-Groups/Mark-Banfield/Josh_Williams/Juan_Marina_NKKE_eLife_2019/Figures/Section I/Figure/Cell death assay WT NK AVR alleles/Cell death/1/_DSC3040.TIF,36,_DSC3040.TIF,7,3,2
2,34,/Volumes/shared/Research-Groups/Mark-Banfield/Josh_Williams/maidement-et-al-2023_cell-death-assays/D224/rep1_2018-01-19/_DSC7623.tif,30,_DSC7623.tif,7,3,2
2,6,/Volumes/shared/Research-Groups/Mark-Banfield/Josh_Williams/Juan_Marina_NKKE_eLife_2019/Figures/Section I/Figure/Cell death assay WT NK AVR alleles/Cell death/2/_DSC3536.TIF,30,_DSC3536.TIF,7,3,2
2,95,/Volumes/shared/Research-Groups/Mark-Banfield/Josh_Williams/maidement-et-al-2023_cell-death-assays/S258E/rep3_2018-07-14/DSC_6619.tif,30,DSC_6619.tif,7,3,2
2,98,/Volumes/shared/Research-Groups/Mark-Banfield/Josh_Williams/maidement-et-al-2023_cell-death-assays/SNKEKE_AE/rep3_2022-10-21/_DSC7360.tif,60,_DSC7360.tif,7,3,2
2,44,/Volumes/shared/Research-Groups/Mark-Banfield/Josh_Williams/maidement-et-al-2023_cell-death-assays/Ploop_MHD/rep2_2019-05-08/DSC_2451.tif,30,DSC_2451.tif,7,3,2
2,13,/Volumes/shared/Research-Groups/Mark-Banfield/Josh_Williams/Juan_Marina_NKKE_eLife_2019/Figures/Section I/Figure/Cell death assay WT NK AVR alleles/Cell death/Leaves for figure/DSC_8534.tif,20,DSC_8534.tif,7,3,2
2,121,/Volumes/shared/Research-Groups/Mark-Banfield/Josh_Williams/maidement-et-al-2023_cell-death-assays/SNKEKE_F/rep3_2018-09-19/DSC_8265.tif,30,DSC_8265.tif,7,3,2
2,117,/Volumes/shared/Research-Groups/Mark-Banfield/Josh_Williams/maidement-et-al-2023_cell-death-assays/SNKEKE_F/rep2_2018-04-27/DSC_4540.TIF,30,DSC_4540.TIF,7,3,2
2,49,/Volumes/shared/Research-Groups/Mark-Banfield/Josh_Williams/maidement-et-al-2023_cell-death-assays/Ploop_MHD/rep3_2019-05-22/DSC_2868.tif,30,DSC_2868.tif,7,3,2
2,113,/Volumes/shared/Research-Groups/Mark-Banfield/Josh_Williams/maidement-et-al-2023_cell-death-assays/SNKEKE_F/rep1_2018-04-13/DSC_4389.TIF,30,DSC_4389.TIF,7,3,2
2,103,/Volumes/shared/Research-Groups/Mark-Banfield/Josh_Williams/maidement-et-al-2023_cell-death-assays/SNKEKE_C/rep2_2017-11-10/DSC_1173.tif,30,DSC_1173.tif,7,3,2
2,75,/Volumes/shared/Research-Groups/Mark-Banfield/Josh_Williams/maidement-et-al-2023_cell-death-assays/PPS7P_F/rep3_2018-09-19/DSC_8267.tif,30,DSC_8267.tif,7,3,2
2,110,/Volumes/shared/Research-Groups/Mark-Banfield/Josh_Williams/maidement-et-al-2023_cell-death-assays/SNKEKE_C/rep3_2017-11-17/DSC_1347.tif,30,DSC_1347.tif,7,3,2
2,102,/Volumes/shared/Research-Groups/Mark-Banfield/Josh_Williams/maidement-et-al-2023_cell-death-assays/SNKEKE_C/rep1_2017-10-20/DSC_0806.tif,30,DSC_0806.tif,6,7,3
2,27,/Volumes/shared/Research-Groups/Mark-Banfield/Josh_Williams/Juan_Marina_NKKE_eLife_2019/Figures/Section IV/Cell death assay NK AVR mutants/3/A/DSC_7709.TIF,30,DSC_7709.TIF,6,7,3
2,76,/Volumes/shared/Research-Groups/Mark-Banfield/Josh_Williams/maidement-et-al-2023_cell-death-assays/PPS7P_F/rep3_2018-09-19/DSC_8268.tif,30,DSC_8268.tif,6,7,3
2,88,/Volumes/shared/Research-Groups/Mark-Banfield/Josh_Williams/maidement-et-al-2023_cell-death-assays/S258E/rep1_2018-06-08/_DSC2692.tif,30,_DSC2692.tif,6,7,3
2,5,/Volumes/shared/Research-Groups/Mark-Banfield/Josh_Williams/Juan_Marina_NKKE_eLife_2019/Figures/Section I/Figure/Cell death assay WT NK AVR alleles/Cell death/2/_DSC3535.TIF,30,_DSC3535.TIF,6,7,3
2,22,/Volumes/shared/Research-Groups/Mark-Banfield/Josh_Williams/Juan_Marina_NKKE_eLife_2019/Figures/Section IV/Cell death assay NK AVR mutants/2/D/DSC_7491.TIF,30,DSC_7491.TIF,6,7,3
2,31,/Volumes/shared/Research-Groups/Mark-Banfield/Josh_Williams/Juan_Marina_NKKE_eLife_2019/Figures/Section IV/Cell death assay NK AVR mutants/3/E/DSC_7713.TIF,30,DSC_7713.TIF,6,7,3
2,14,/Volumes/shared/Research-Groups/Mark-Banfield/Josh_Williams/Juan_Marina_NKKE_eLife_2019/Figures/Section IV/Cell death assay NK AVR mutants/1/A/DSC_7583.TIF,30,DSC_7583.TIF,6,7,3
2,69,/Volumes/shared/Research-Groups/Mark-Banfield/Josh_Williams/maidement-et-al-2023_cell-death-assays/PPS7P_F/rep1_2018-04-13/DSC_4393.TIF,30,DSC_4393.TIF,6,7,3
2,11,/Volumes/shared/Research-Groups/Mark-Banfield/Josh_Williams/Juan_Marina_NKKE_eLife_2019/Figures/Section I/Figure/Cell death assay WT NK AVR alleles/Cell death/3/DSC_5087.TIF,30,DSC_5087.TIF,6,7,3
2,79,/Volumes/shared/Research-Groups/Mark-Banfield/Josh_Williams/maidement-et-al-2023_cell-death-assays/PPS7S/rep1_2017-08-11/DSC_9227_s2.TIF,30,DSC_9227_s2.TIF,6,7,3
2,67,/Volumes/shared/Research-Groups/Mark-Banfield/Josh_Williams/maidement-et-al-2023_cell-death-assays/PPS7P_F/rep1_2018-04-13/DSC_4391.TIF,30,DSC_4391.TIF,6,7,3
2,1,/Volumes/shared/Research-Groups/Mark-Banfield/Josh_Williams/Juan_Marina_NKKE_eLife_2019/Figures/Section I/Figure/Cell death assay WT NK AVR alleles/Cell death/1/_DSC3041.TIF,36,_DSC3041.TIF,6,7,3
2,86,/Volumes/shared/Research-Groups/Mark-Banfield/Josh_Williams/maidement-et-al-2023_cell-death-assays/S258E/rep1_2018-06-08/_DSC2690.tif,30,_DSC2690.tif,6,7,3
2,70,/Volumes/shared/Research-Groups/Mark-Banfield/Josh_Williams/maidement-et-al-2023_cell-death-assays/PPS7P_F/rep1_2018-04-13/DSC_4394.TIF,30,DSC_4394.TIF,10,6,7
2,104,/Volumes/shared/Research-Groups/Mark-Banfield/Josh_Williams/maidement-et-al-2023_cell-death-assays/SNKEKE_C/rep2_2017-11-10/DSC_1174.tif,30,DSC_1174.tif,10,6,7
2,83,/Volumes/shared/Research-Groups/Mark-Banfield/Josh_Williams/maidement-et-al-2023_cell-death-assays/PPS7S/rep3_2018-01-26/_DSC8103.tif,30,_DSC8103.tif,10,6,7
2,8,/Volumes/shared/Research-Groups/Mark-Banfield/Josh_Williams/Juan_Marina_NKKE_eLife_2019/Figures/Section I/Figure/Cell death assay WT NK AVR alleles/Cell death/2/_DSC3538.TIF,30,_DSC3538.TIF,10,6,7
2,20,/Volumes/shared/Research-Groups/Mark-Banfield/Josh_Williams/Juan_Marina_NKKE_eLife_2019/Figures/Section IV/Cell death assay NK AVR mutants/2/A/DSC_7489.TIF,30,DSC_7489.TIF,10,6,7
2,50,/Volumes/shared/Research-Groups/Mark-Banfield/Josh_Williams/maidement-et-al-2023_cell-death-assays/Ploop_MHD/rep3_2019-05-22/DSC_2869.tif,30,DSC_2869.tif,10,6,7
2,43,/Volumes/shared/Research-Groups/Mark-Banfield/Josh_Williams/maidement-et-al-2023_cell-death-assays/Ploop_MHD/rep1_2019-05-03/DSC_2397.tif,30,DSC_2397.tif,10,6,7
2,51,/Volumes/shared/Research-Groups/Mark-Banfield/Josh_Williams/maidement-et-al-2023_cell-death-assays/Ploop_MHD/rep3_2019-05-22/DSC_2870.tif,30,DSC_2870.tif,10,6,7
2,99,/Volumes/shared/Research-Groups/Mark-Banfield/Josh_Williams/maidement-et-al-2023_cell-death-assays/SNKEKE_C/rep1_2017-10-20/DSC_0803.tif,30,DSC_0803.tif,10,6,7
2,108,/Volumes/shared/Research-Groups/Mark-Banfield/Josh_Williams/maidement-et-al-2023_cell-death-assays/SNKEKE_C/rep3_2017-11-17/DSC_1345.tif,30,DSC_1345.tif,10,6,7
2,36,/Volumes/shared/Research-Groups/Mark-Banfield/Josh_Williams/maidement-et-al-2023_cell-death-assays/D224/rep2_2018-01-26/_DSC8105.tif,30,_DSC8105.tif,10,6,7
2,91,/Volumes/shared/Research-Groups/Mark-Banfield/Josh_Williams/maidement-et-al-2023_cell-death-assays/S258E/rep2_2018-07-06/DSC_6339.tif,30,DSC_6339.tif,10,6,7
2,41,/Volumes/shared/Research-Groups/Mark-Banfield/Josh_Williams/maidement-et-al-2023_cell-death-assays/Ploop_MHD/rep1_2019-05-03/DSC_2395.tif,30,DSC_2395.tif,10,6,7
2,47,/Volumes/shared/Research-Groups/Mark-Banfield/Josh_Williams/maidement-et-al-2023_cell-death-assays/Ploop_MHD/rep2_2019-05-08/DSC_2454.tif,30,DSC_2454.tif,10,6,7
2,23,/Volumes/shared/Research-Groups/Mark-Banfield/Josh_Williams/Juan_Marina_NKKE_eLife_2019/Figures/Section IV/Cell death assay NK AVR mutants/2/D/DSC_7492.TIF,30,DSC_7492.TIF,9,10,6
2,12,/Volumes/shared/Research-Groups/Mark-Banfield/Josh_Williams/Juan_Marina_NKKE_eLife_2019/Figures/Section I/Figure/Cell death assay WT NK AVR alleles/Cell death/3/DSC_5088.TIF,30,DSC_5088.TIF,9,10,6
2,59,/Volumes/shared/Research-Groups/Mark-Banfield/Josh_Williams/maidement-et-al-2023_cell-death-assays/PPS7P_C/rep2_2017-11-10/DSC_1177.tif,30,DSC_1177.tif,9,10,6
2,71,/Volumes/shared/Research-Groups/Mark-Banfield/Josh_Williams/maidement-et-al-2023_cell-death-assays/PPS7P_F/rep2_2018-04-27/DSC_4542.TIF,30,DSC_4542.TIF,9,10,6
2,74,/Volumes/shared/Research-Groups/Mark-Banfield/Josh_Williams/maidement-et-al-2023_cell-death-assays/PPS7P_F/rep2_2018-04-27/DSC_4547.TIF,30,DSC_4547.TIF,9,10,6
2,32,/Volumes/shared/Research-Groups/Mark-Banfield/Josh_Williams/Juan_Marina_NKKE_eLife_2019/Figures/Section IV/Cell death assay NK AVR mutants/H46D53/DSC_6261.tif,12,DSC_6261.tif,9,10,6
2,9,/Volumes/shared/Research-Groups/Mark-Banfield/Josh_Williams/Juan_Marina_NKKE_eLife_2019/Figures/Section I/Figure/Cell death assay WT NK AVR alleles/Cell death/3/DSC_5085.TIF,30,DSC_5085.TIF,9,10,6
2,94,/Volumes/shared/Research-Groups/Mark-Banfield/Josh_Williams/maidement-et-al-2023_cell-death-assays/S258E/rep3_2018-07-14/DSC_6618.tif,30,DSC_6618.tif,9,10,6
2,39,/Volumes/shared/Research-Groups/Mark-Banfield/Josh_Williams/maidement-et-al-2023_cell-death-assays/D224/rep3_2018-02-02/DSC_2828.TIF,30,DSC_2828.TIF,9,10,6
2,48,/Volumes/shared/Research-Groups/Mark-Banfield/Josh_Williams/maidement-et-al-2023_cell-death-assays/Ploop_MHD/rep3_2019-05-22/DSC_2867.tif,30,DSC_2867.tif,9,10,6
2,96,/Volumes/shared/Research-Groups/Mark-Banfield/Josh_Williams/maidement-et-al-2023_cell-death-assays/SNKEKE_AE/rep1_2022-10-07/DSC_1558.tif,60,DSC_1558.tif,9,10,6
